Consti_Number,Constituency,state,Turnout,Winner Candidate,Winner Party,Winner  Alliance,Winner Votes,Winner Vote %,Runner Up Candidate,Runner Up Party,Runner Up Alliance,Runner Up  Votes,Runner Up Vote %,Margin
1,Adilabad,Telangana,74.03%,G. Nagesh,BJP,NDA,"5,68,168",45.98%,Atram Suguna,INC,INDIA,"4,77,516",38.65%,"90,652"
18,Agra,Uttar Pradesh,54.08%,S. P. Singh Baghel,BJP,NDA,"5,99,397",53.34%,Suresh Chand Kardam,SP,INDIA,"3,28,103",29.20%,"2,71,294"
7,Ahmedabad East,Gujarat,54.72%,Hasmukh Patel,BJP,NDA,"7,70,459",68.28%,Himmatsinh Patel,INC,INDIA,"3,08,704",27.36%,"4,61,755"
8,Ahmedabad West,Gujarat,55.45%,Dineshbhai Kodarbhai Makwana,BJP,NDA,"6,11,704",63.28%,Bharat Makwana,INC,INDIA,"3,25,267",33.65%,"2,86,437"
37,Ahmednagar,Maharashtra,66.61%,Nilesh Dnyandev Lanke,NCP(SP),INDIA,"6,24,797",47.14%,Sujay Vikhe Patil,BJP,NDA,"5,95,868",44.95%,"28,929"
13,Ajmer,Rajasthan,59.65%,Bhagirath Choudhary,BJP,NDA,"7,47,462",62.23%,Ramchandra Choudhary,INC,INDIA,"4,17,471",34.76%,"3,29,991"
44,Akbarpur,Uttar Pradesh,57.78%,Devendra Singh,BJP,NDA,"5,17,423",47.60%,Raja Ram Pal,SP,INDIA,"4,73,078",43.52%,"44,345"
6,Akola,Maharashtra,61.79%,Anup Dhotre,BJP,NDA,"4,57,030",38.96%,Abhay Kashinath Patil,INC,INDIA,"4,16,404",35.50%,"40,626"
15,Alappuzha,Kerala,75.05%,K. C. Venugopal,INC,UDF,"4,04,560",38.21%,A. M. Ariff,CPI(M),LDF,"3,41,047",32.21%,"63,513"
9,Alathur,Kerala,73.42%,K. Radhakrishnan,CPI(M),LDF,"4,03,447",40.66%,Ramya Haridas,INC,UDF,"3,83,336",38.63%,"20,111"
15,Aligarh,Uttar Pradesh,56.93%,Satish Kumar Gautam,BJP,NDA,"5,01,834",44.28%,Bijendra Singh,SP,INDIA,"4,86,187",42.90%,"15,647"
2,Alipurduars,West Bengal,79.76%,Manoj Tigga,BJP,NDA,"6,95,314",48.92%,Prakash Chik Baraik,AITC,AITC,"6,19,867",43.61%,"75,447"
52,Allahabad,Uttar Pradesh,51.82%,Ujjwal Rewati Raman Singh,INC,INDIA,"4,62,145",48.80%,Neeraj Tripathi,BJP,NDA,"4,03,350",42.59%,"58,795"
3,Almora,Uttarakhand,48.74%,Ajay Tamta,BJP,NDA,"4,29,167",64.2,Pradeep Tamta,INC,INDIA,"1,95,070",29.18,"2,34,097"
8,Alwar,Rajasthan,60.07%,Bhupender Yadav,BJP,NDA,"6,31,992",50.42%,Lalit Yadav,INC,INDIA,"5,83,710",46.57%,"48,282"
7,Amalapuram (SC),Andhra Pradesh,83.85%,Harish Balayogi GM,TDP,NDA,"7,96,981",61.25%,Rapaka Vara Prasada Rao,YSRCP,No Alliance,"4,54,785",34.95%,"3,42,196"
1,Ambala,Haryana,67.34% ,Varun Chaudhary,INC,INDIA,"6,63,657",49.28%,Banto Kataria,BJP,NDA,"6,14,621",45.64%,"49,036"
55,Ambedkar Nagar,Uttar Pradesh,61.58%,Lalji Verma,SP,INDIA,"5,44,959",46.30%,Ritesh Pandey,BJP,NDA,"4,07,712",34.64%,"1,37,247"
37,Amethi,Uttar Pradesh,54.34%,Kishori Lal Sharma,INC,INDIA,"5,39,228",54.99%,Smriti Irani,BJP,NDA,"3,72,032",37.94%,"1,67,196"
7,Amravati,Maharashtra,63.67%,Balwant Basawant Wankhede,INC,INDIA,"5,26,271",44.84%,Navneet Kaur Rana,BJP,NDA,"5,06,540",43.16%,"19,731"
14,Amreli,Gujarat,50.29%,Bharatbhai Manubhai Sutariya,BJP,NDA,"5,80,872",66.28%,Jennyben Thummar,INC,INDIA,"2,59,804",29.64%,"3,21,068"
2,Amritsar,Punjab,56.06%,Gurjeet Singh Aujla,INC,INDIA,"2,55,181",28.18%,Kuldeep Singh Dhaliwal,AAP,INDIA,"2,14,880",23.73%,"40,301"
9,Amroha,Uttar Pradesh,64.58%,Kanwar Singh Tanwar,BJP,NDA,"4,76,506",42.90%,Danish Ali,INC,INDIA,"4,47,836",40.32%,"28,670"
5,Anakapalle,Andhra Pradesh,82.03%,C. M. Ramesh,BJP,NDA,"7,62,069",57.50%,Budi Mutyala Naidu,YSRCP,No Alliance,"4,65,539",35.13%,"2,96,530"
16,Anand,Gujarat,65.04%,Mitesh Rameshbhai Patel,BJP,NDA,"6,12,484",52.44%,Amitbhai Chavda,INC,INDIA,"5,22,545",44.74%,"89,939"
6,Anandpur Sahib,Punjab,61.98%,Malwinder Singh Kang,AAP,INDIA,"3,13,217",29.08%,Vijay Inder Singla,INC,INDIA,"3,02,371",28.07%,"10,846"
19,Ananthapur,Andhra Pradesh,80.51%,Ambika G. L Valmiki,TDP,NDA,"7,68,245",53.33%,Malagundla Sankaranarayana,YSRCP,No Alliance,"5,79,690",40.24%,"1,88,555"
3,Anantnag,Jammu and Kashmir,55.40% ,Mian Altaf Ahmed Larvi,JKNC,INDIA,"5,21,836",50.85%,Mehbooba Mufti,JKPDP,INDIA,"2,40,042",23.39%,"2,81,794"
1,Andaman And Nicobar Islands,Andaman & Nicobar Islands,64.10%,Bishnu Pada Ray,BJP,NDA,"1,02,182",52.17%,Kuldeep Rai Sharma,INC,INDIA,"77,829",38.53%,"24,396"
24,Aonla,Uttar Pradesh,57.44%,Neeraj Maurya,SP,INDIA,"4,92,515",45.23%,Dharmendra Kashyap,BJP,NDA,"4,76,546",43.76%,"15,969"
7,Arakkonam,Tamil Nadu,74.19%,S. Jagathrakshakan,DMK,INDIA,"5,63,216",48.39%,A. L. Vijayan,AIADMK,AIADMK+,"2,56,656",22.05%,"3,06,559"
1,Araku (ST),Andhra Pradesh,73.68%,Gumma Thanuja Rani,YSRCP,No Alliance,"4,77,005",40.96%,Kothapalli Geetha,BJP,NDA,"4,26,425",36.62%,"50,580"
29,Arambagh,West Bengal,82.62%,Mitali Bag,AITC,AITC,"7,12,587",45.71%,Arup Kanti Digar,BJP,NDA,"7,06,188",45.30%,"6,399"
12,Arani,Tamil Nadu,75.76%,M. S. Tharanivendhan,DMK,INDIA,"5,00,099",43.86%,G. V. Gajendran,AIADMK,AIADMK+,"2,91,333",25.55%,"2,08,766"
9,Araria,Bihar,61.93%,Pradeep Kumar Singh,BJP,NDA,"6,00,146",47.91%,Mohammed Shahnawaz Alam,RJD,INDIA,"5,80,052",46.31%,"20,094"
32,Arrah,Bihar,50.27%,Sudama Prasad,CPI(ML)L,INDIA,"5,29,382",48.28%,Raj Kumar Singh,BJP,NDA,"4,69,574",42.82%,"59,808"
2,Arunachal East,Arunachal Pradesh,83.31%,Tapir Gao,BJP,NDA,"1,45,581",45.01%,Bosiram Siram,INC,INDIA,"1,15,160",35.60%,"30,421"
1,Arunachal West,Arunachal Pradesh,73.60%,Kiren Rijiju,BJP,NDA,"2,05,417",51.38%,Nabam Tuki,INC,INDIA,"1,04,679",26.18%,"1,00,738"
40,Asansol,West Bengal,73.27%,Shatrughan Sinha,AITC,AITC,"6,05,645",46.53%,S. S. Ahluwalia,BJP,NDA,"5,46,081",41.96%,"59,564"
19,Aska,Odisha,62.67%,Anita Subhadarshini,BJP,NDA,"4,94,226",48.55%,Ranjita Sahu,BJD,No Alliance,"3,94,252",38.73%,"99,974"
19,Attingal,Kerala,69.48%,Adoor Prakash,INC,UDF,"3,28,051",33.29%,V. Joy,CPI(M),LDF,"3,27,367",33.22%,684
19,Aurangabad,Maharashtra,63.03%,Sandipanrao Bhumre,SHS,NDA,"4,76,130",36.56%,Syed Imtiaz Jaleel,AIMIM,Others,"3,41,480",26.22%,"1,34,650"
37,Aurangabad,Bihar,50.35%,Abhay Kushwaha,RJD,INDIA,"4,65,567",49.22%,Sushil Kumar Singh,BJP,NDA,"3,86,456",40.86%,"79,111"
69,Azamgarh,Uttar Pradesh,56.16%,Dharmendra Yadav,SP,INDIA,"5,08,239",48.20%,Dinesh Lal Yadav 'Nirahua',BJP,NDA,"3,47,204",32.93%,"1,61,035"
23,Badaun,Uttar Pradesh,54.35%,Aditya Yadav,SP,INDIA,"5,01,855",45.97%,Durvijay Singh Shakya,BJP,NDA,"4,66,864",42.76%,"34,991"
3,Bagalkot,Karnataka,72.66%,P. C. Gaddigoudar,BJP,NDA,"6,71,039",50.93%,Samyukta S Patil,INC,INDIA,"6,02,640",45.74%,"68,399"
11,Baghpat,Uttar Pradesh,56.16%,Rajkumar Sangwan,RLD,NDA,"4,88,967",52.36%,Amarpal Sharma,SP,INDIA,"3,29,508",35.29%,"1,59,459"
10,Baharaich,Uttar Pradesh,77.54%,Yusuf Pathan,AITC,AITC,"5,24,516",37.88%,Adhir Ranjan Chowdhury,INC,SDA,"4,39,494",31.74%,"85,022"
56,Baharampur,West Bengal,57.42%,Anand Kumar Gond,BJP,NDA,"5,18,802",49.10%,Ramesh Gautam,SP,INDIA,"4,54,575",43.02%,"64,227"
15,Balaghat,Madhya Pradesh,73.45%,Bharti Pardhi,BJP,NDA,"7,12,660",51.56%,Samrat Ashok Singh Saraswar,INC,INDIA,"5,38,148",38.93%,"1,74,512"
6,Balasore,Odisha,76.77%,Pratap Chandra Sarangi,BJP,NDA,"5,63,865",45.49%,Lekhashree Samantsinghar,BJD,No Alliance,"4,16,709",33.62%,"1,47,156"
72,Ballia,Uttar Pradesh,52.05%,Sanatan Pandey,SP,INDIA,"4,67,068",46.37%,Neeraj Shekhar,BJP,NDA,"4,23,684",42.06%,"43,384"
6,Balurghat,West Bengal,79.09%,Sukanta Majumder,BJP,NDA,"5,74,996",46.47%,Biplab Mitra,AITC,AITC,"5,64,610",45.63%,"10,386"
2,Banaskantha,Gujarat,69.62%,Geniben Thakor,INC,INDIA,"6,71,883",48.83%,Rekhaben Hiteshbhai Chaudhary,BJP,NDA,"6,41,477",46.62%,"30,406"
48,Banda,Uttar Pradesh,59.70%,Krishna Devi Patel,SP,INDIA,"4,06,567",38.94%,R. K. Singh Patel,BJP,NDA,"3,35,357",32.12%,"71,210"
25,Bangalore Central,Karnataka,54.06%,P. C. Mohan,BJP,NDA,"6,58,915",50.05%,Mansoor Ali Khan,INC,INDIA,"6,26,208",47.57%,"32,707"
24,Bangalore North,Karnataka,54.45%,Shobha Karandlaje,BJP,NDA,"9,86,049",56.27%,Rajeev Gowda,INC,INDIA,"7,26,573",41.46%,"2,59,476"
23,Bangalore Rural,Karnataka,68.30%,C. N. Manjunath,BJP,NDA,"10,79,002",56.21%,D. K. Suresh,INC,INDIA,"8,09,355",42.16%,"2,69,647"
26,Bangalore South,Karnataka,53.17%,Tejasvi Surya,BJP,NDA,"7,50,830",60.10%,Soumya Reddy,INC,INDIA,"4,73,747",37.92%,"2,77,083"
14,Bangaon,West Bengal,81.04%,Shantanu Thakur,BJP,NDA,"7,19,505",48.19%,Biswajit Das,AITC,AITC,"6,45,812",43.25%,"73,693"
27,Banka,Bihar,54.48%,Giridhari Yadav,JD(U),NDA,"5,06,678",49.96%,Jai Prakash Narayan Yadav,RJD,INDIA,"4,02,834",39.72%,"1,03,844"
36,Bankura,West Bengal,80.75%,Arup Chakraborty,AITC,AITC,"6,41,813",44.33%,Subhas Sarkar,BJP,NDA,"6,09,035",42.07%,"32,778"
67,Bansgaon,Uttar Pradesh,51.79%,Kamlesh Paswan,BJP,NDA,"4,28,693",45.38%,Sadal Prasad,INC,INDIA,"4,25,543",45.04%,"3,150"
20,Banswara,Rajasthan,73.88%,Rajkumar Roat,BAP,INDIA,"8,20,831",50.15%,Mahendrajeet Malviya,BJP,NDA,"5,73,777",35.05%,"2,47,054"
15,Bapatla (SC),Andhra Pradesh,85.48%,Krishna Prasad Tenneti,TDP,NDA,"7,17,493",55.16%,Nandigam Suresh,YSRCP,No Alliance,"5,09,462",39.17%,"2,08,031"
53,Barabanki,Uttar Pradesh,67.20%,Tanuj Punia,INC,INDIA,"7,19,927",55.78%,Rajrani Rawat,BJP,NDA,"5,04,223",39.07%,"2,15,704"
35,Baramati,Maharashtra,59.50%,Supriya Sule,NCP(SP),INDIA,"7,32,312",51.85%,Sunetra Pawar,NCP,NDA,"5,73,979",40.64%,"1,58,333"
1,Baramulla,Jammu and Kashmir,59.10%,Abdul Rashid Sheikh,Independent,Independent,"4,72,481",45.70%,Omar Abdullah,JKNC,INDIA,"2,68,339",25.95%,"2,04,142"
17,Barasat,West Bengal,80.17%,Kakoli Ghosh Dastidar,AITC,AITC,"6,92,010",45.15%,Swapan Majumder,BJP,NDA,"5,77,821",37.70%,"1,14,189"
38,Bardhaman,West Bengal,82.85%,Sharmila Sarkar,AITC,AITC,"7,30,302",48.11%,Ashim Kumar Sarkar,BJP,NDA,"5,59,730",37.38%,"1,60,572"
39,Bardhaman Purba,West Bengal,80.72%,Kirti Azad,AITC,AITC,"7,20,667",47.99%,Dilip Ghosh,BJP,NDA,"5,82,686",38.80%,"1,37,981"
23,Bardoli,Gujarat,64.81%,Parbhubhai Vasava,BJP,NDA,"7,63,950",57.04,Siddharth Chaudhary,INC,INDIA,"5,33,697",39.85%,"2,30,253"
25,Bareilly,Uttar Pradesh,58.03%,Chhatrapal Singh Gangwar,BJP,NDA,"5,67,127",50.66%,Praveen Singh Aron,SP,INDIA,"5,32,323",47.55%,"34,804"
1,Bargarh,Odisha,79.78%,Pradip Purohit,BJP,NDA,"7,16,359",54.69%,Parinita Mishra,BJD,No Alliance,"4,64,692",34.58%,"2,51,667"
17,Barmer,Rajasthan,75.93%,Ummeda Beniwal,INC,INDIA,"7,04,676",41.74%,Ravindra Singh Bhati,IND,Others,"5,73,777",34.74%,"1,18,176"
3,Barpeta,Assam,85.24%,Phani Bhusan Choudhury,AGP,NDA,"8,60,113",51.02%,Deep Bayan,INC,INDIA,"6,37,762",37.83%,"2,22,351"
15,Barrackpur,West Bengal,75.41%,Partha Bhowmick,AITC,AITC,"5,20,231",45.56%,Arjun Singh,BJP,NDA,"4,55,793",39.92%,"64,438"
18,Basirhat,West Bengal,84.31%,Haji Nurul Islam,AITC,AITC,"8,03,762",52.76%,Rekha Patra,BJP,NDA,"4,70,215",30.87%,"3,33,547"
10,Bastar,Chhattisgarh,68.29%,Mahesh Kashyap,BJP,NDA,"4,58,398",45.50%,Kawasi Lakhma,INC,INDIA,"4,03,153",40.02%,"55,245"
61,Basti,Uttar Pradesh,56.67%,Ram Prasad Chaudhary,SP,INDIA,"5,27,005",48.67%,Harish Dwivedi,BJP,NDA,"4,26,011",39.34%,"1,00,994"
11,Bathinda,Punjab,69.36%,Harsimrat Kaur Badal,SAD,Others,"3,76,558",32.71%,Gurmeet Singh Khudian,AAP,INDIA,"3,26,902",28.40%,"49,656"
39,Beed,Maharashtra,70.92%,Bajrang Sonawane,NCP(SP),INDIA,"6,83,950",44.93%,Pankaja Munde,BJP,NDA,"6,77,397",44.50%,"6,553"
24,Begusarai,Bihar,58.70%,Giriraj Singh,BJP,NDA,"6,49,331",50.15%,Abdhesh Kumar Roy,CPI,INDIA,"5,67,851",43.86%,"81,480"
2,Belgaum,Karnataka,71.49%,Jagadish Shettar,BJP,NDA,"7,62,029",55.06%,Mrinal Ravindra Hebbalkar,INC,INDIA,"5,83,592",42.17%,"1,78,437"
9,Bellary,Karnataka,73.59$%,E. Tukaram,INC,INDIA,"7,30,845",52.58%,B. Sriramulu,BJP,NDA,"6,31,853",45.46%,"98,992"
20,Berhampur,Odisha,65.41%,Pradeep Kumar Panigrahy,BJP,NDA,"5,13,102",49.20%,Bhrugu Baxipatra,BJD,No Alliance,"3,47,626",33.33%,"1,65,476"
29,Betul,Madhya Pradesh,73.48%,Durga Das Uikey,BJP,NDA,"8,48,236",60.76%,Ramu Tekam,INC,INDIA,"4,68,475",33.56%,"3,79,761"
78,Bhadohi,Uttar Pradesh,53.07%,Vinod Kumar Bind,BJP,NDA,"4,59,982",42.39%,Lalitesh Pati Tripathi,AITC,INDIA,"4,15,910",38.33%,"44,072"
7,Bhadrak,Odisha,73.23%,Avimanyu Sethi,BJP,NDA,"5,73,319",44.19%,Manjulata Mandal,BJD,No Alliance,"4,81,775",37.13%,"91,544"
26,Bhagalpur,Bihar,53.50%,Ajay Kumar Mandal,JD(U),NDA,"5,36,031",50.38%,Ajeet Sharma,INC,INDIA,"4,31,163",40.52%,"1,04,868"
11,Bhandara Gondiya,Maharashtra,67.04%,Dr. Prashant Yadavrao Padole,INC,INDIA,"5,87,413",47.56%,Sunil Mendhe,BJP,NDA,"5,50,033",44.53%,"37,380"
9,Bharatpur,Rajasthan,52.80%,Sanjana Jatav,INC,INDIA,"5,79,890",51.18%,Ramswaroop Koli,BJP,NDA,"5,27,907",46.59%,"51,983"
22,Bharuch,Gujarat,69.16%,Mansukhbhai Vasava,BJP,NDA,"6,08,157",50.72%,Chaitar Vasava,AAP,INDIA,"5,22,461",43.58%,"85,696"
15,Bhavnagar,Gujarat,53.92%,Nimu Bambhania,BJP,NDA,"7,16,883",68.46,Umesh Makwana,AAP,INDIA,"2,61,594",24.98%,"4,55,289"
23,Bhilwara,Rajasthan,60.37%,Damodar Agarwal,BJP,NDA,"8,07,640",61.92%,C. P. Joshi,INC,INDIA,"4,53,034",34.73%,"3,54,606"
2,Bhind,Madhya Pradesh,54.93%,Sandhya Ray,BJP,NDA,"5,37,065",51.20%,Phool Singh Baraiya,INC,INDIA,"4,72,225",45.02%,"64,840"
23,Bhiwandi,Maharashtra,59.89%,Suresh Mhatre,NCP(SP),INDIA,"4,99,464",39.85%,Kapil Patil,BJP,NDA,"4,33,343",34.57%,"66,121"
8,Bhiwani,Haryana,65.39% ,Dharambir Singh Chaudhary,BJP,NDA,"5,88,664",49.74%,Rao Dan Singh,INC,INDIA,"5,47,154",46.24%,"41,510"
14,Bhongir,Telangana,76.78%,Chamala Kiran Kumar Reddy,INC,INDIA,"6,29,143",44.89%,Boora Narsaiah Goud,BJP,NDA,"4,06,973",29.04%,"2,22,170"
19,Bhopal,Madhya Pradesh,64.06%,Alok Sharma,BJP,NDA,"9,81,109",65.48%,Advocate Arun Shrivastava,INC,INDIA,"4,79,610",32.01%,"5,01,499"
18,Bhubaneswar,Odisha,64.49%,Aparajita Sarangi,BJP,NDA,"5,12,519",47.36%,Manmath Routray,BJD,No Alliance,"4,77,367",44.11%,"35,152"
7,Bidar,Karnataka,65.47%,Sagar Eshwar Khandre,INC,INDIA,"6,66,317",53.63%,Bhagwanth Khuba,BJP,NDA,"5,37,442",43.26%,"1,28,875"
4,Bijapur,Karnataka,66.32%,Ramesh Jigajinagi,BJP,NDA,"6,72,781",51.91%,Raju Alagur,INC,INDIA,"5,95,552",45.95%,"77,229"
4,Bijnor,Uttar Pradesh,58.73%,Chandan Chauhan,RLD,NDA,"4,04,493",39.48%,Deepak Saini,SP,INDIA,"3,66,985",35.82%,"37,508"
2,Bikaner,Rajasthan,54.11%,Arjun Meghwal,BJP,NDA,"5,66,737",50.68%,Govind Ram Meghwal,INC,INDIA,"5,11,026",45.67%,"55,711"
5,Bilaspur,Chhattisgarh,64.77%,Tokhan Sahu,BJP,NDA,"7,24,937",53.25%,Devender Yadav,INC,INDIA,"5,60,379",41.16%,"1,64,558"
42,Birbhum,West Bengal,81.91%,Satabdi Roy,AITC,AITC,"7,17,961",47.00%,Debtanu Bhattacharya,BJP,NDA,"5,20,311",34.06%,"1,97,650"
37,Bishnupur,West Bengal,85.91%,Saumitra Khan,BJP,NDA,"6,80,130",44.93%,Sujata Mondal,AITC,AITC,"6,74,563",44.56%,"5,567"
10,Bolangir,Odisha,77.52%,Sangeeta Kumari Singh Deo,BJP,NDA,"6,17,744",44.12%,Surendra Singh Bhoi,BJD,No Alliance,"4,85,080",34.64%,"1,32,664"
41,Bolpur,West Bengal,82.66%,Asit Kumar Mal,AITC,AITC,"8,55,633",55.98%,Piya Saha,BJP,NDA,"5,28,380",34.57%,"3,27,253"
14,Bulandshahr,Uttar Pradesh,56.16%,Bhola Singh,BJP,NDA,"5,97,310",56.65%,Shivram Valmiki,INC,INDIA,"3,22,176",30.56%,"2,75,134"
5,Buldhana,Maharashtra,62.03%,Prataprao Ganpatrao Jadhav,SHS,NDA,"3,49,867",31.53%,Narendra Khedekar,SS(UBT),INDIA,"3,20,388",28.88%,"29,479"
33,Buxar,Bihar,55.39%,Sudhakar Singh,RJD,INDIA,"4,38,345",40.82%,Mithilesh Tiwari,BJP,NDA,"4,08,254",38.02%,"30,091"
11,Chalakudy,Kerala,71.94%,Benny Behanan,INC,UDF,"3,93,913",41.44%,C. Raveendranath,CPI(M),LDF,"3,30,417",34.73%,"63,754"
22,Chamarajanagar,Karnataka,76.82%,Sunil Bose,INC,INDIA,"7,51,671",54.87%,S. Balaraj,BJP,NDA,"5,62,965",41.10%,"1,88,706"
76,Chandauli,Uttar Pradesh,60.58%,Virendra Singh,SP,INDIA,"4,74,476",42.50%,Mahendra Nath Pandey,BJP,NDA,"4,52,911",40.57%,"21,565"
1,Chandigarh,Chandigarh,67.98%,Manish Tewari,INC,INDIA,"2,16,657",48.23%,Sanjay Tandon,BJP,NDA,"2,14,153",47.67%,"2,504"
1,Chandni Chowk,NCT OF Delhi,58.60%,Praveen Khandelwal,BJP,NDA,"5,16,496",53.46%,Jai Prakash Aggarwal,INC,INDIA,"4,27,171",44.22%,"89,325"
13,Chandrapur,Maharashtra,67.55%,Pratibha Suresh Dhanorkar,INC,INDIA,"7,18,410",57.88%,Sudhir Mungantiwar,BJP,NDA,"4,58,004",40.82%,"2,60,406"
4,Chatra,Jharkhand,63.69%,Kalicharan Singh,BJP,NDA,"5,74,556",52.89%,Krishna Nand Tripathi,INC,INDIA,"3,53,597",32.55%,"2,20,959"
4,Chennai Central,Tamil Nadu,53.96%,Dayanidhi Maran,DMK,INDIA,"4,13,848",56.65%,Vinoj P. Selvam,BJP,NDA,"1,69,159",23.16%,"2,44,689"
2,Chennai North,Tamil Nadu,60.11%,Kalanidhi Veeraswamy,DMK,INDIA,"4,97,333",55.11%,Royapuram R. Mano,AIADMK,AIADMK+,"1,58,111",17.52%,"3,39,222"
3,Chennai South,Tamil Nadu,54.17%,Thamizhachi Thangapandian,DMK,INDIA,"5,16,628",47.00%,Tamilisai Soundararajan,BJP,NDA,"2,90,683",26.44%,"2,25,945"
10,Chevella,Telangana,56.40%,Konda Vishweshwar Reddy,BJP,NDA,"8,09,882",48.34%,G. Ranjith Reddy,INC,INDIA,"6,36,985",38.02%,"1,72,897"
16,Chhindwara,Madhya Pradesh,79.83%,Bunty Vivek Sahu,BJP,NDA,"6,44,738",49.41%,Nakul Kamal Nath,INC,INDIA,"5,31,120",40.70%,"1,13,618"
21,Chhota Udaipur,Gujarat,69.15%,Jashubhai Rathwa,BJP,NDA,"7,96,589",62.84%,Sukhrambhai Rathwa,INC,INDIA,"3,97,812",31.38%,"3,98,777"
27,Chidambaram,Tamil Nadu,76.37%,Thol. Thirumavalavan,VCK,INDIA,"5,05,084",43.28%,M. Chandrahaasan,AIADMK,AIADMK+,"4,01,530",34.40%,"1,03,554"
27,Chikkballapur,Karnataka,77%,K. Sudhakar,BJP,NDA,"8,22,619",53.74%,Raksha Ramaiah,INC,INDIA,"6,59,159",43.06%,"1,63,460"
1,Chikkodi,Karnataka,78.66%,Priyanka Jarkiholi,INC,INDIA,"7,13,461",51.21%,Annasaheb Jolle,BJP,NDA,"6,22,627",44.69%,"90,834"
18,Chitradurga,Karnataka,73.30%,Govind Karjol,BJP,NDA,"6,84,890",50.11%,B. N. Chandrappa,INC,INDIA,"6,36,769",46.58%,"48,121"
25,Chittoor(SC),Andhra Pradesh,85.77%,Daggumalla Prasada Rao,TDP,NDA,"7,78,071",54.84%,N. Reddeppa,YSRCP,No Alliance,"5,57,592",39.30%,"2,20,479"
21,Chittorgarh,Rajasthan,68.61%,Chandra Joshi,BJP,NDA,"8,88,202",59.26%,Udai Lal Anjana,INC,INDIA,"4,98,325",33.25%,"3,89,877"
3,Churu,Rajasthan,63.61%,Rahul Kaswan,INC,INDIA,"7,28,211",51.12%,Devendra Jhajharia,BJP,NDA,"6,55,474",46.01%,"72,737"
20,Coimbatore,Tamil Nadu,64.89%,Ganapathi Raj Kumar,DMK,INDIA,"5,68,200",41.39%,K. Annamalai,BJP,NDA,"4,50,132",32.79%,"1,18,068"
1,Coochbehar,West Bengal,82.16%,Jagadish Chandra Basunia,AITC,AITC,"7,88,375",48.57%,Nisith Pramanik,BJP,NDA,"7,49,125",46.16%,"39,250"
26,Cuddalore,Tamil Nadu,72.57%,M. K. Vishnu Prasad,INC,INDIA,"4,55,053",44.11%,P. Sivakozhundu,DMDK,AIADMK+,"2,69,157",26.09%,"1,85,896"
14,Cuttack,Odisha,71.20%,Bhartruhari Mahtab,BJP,NDA,"5,31,601",47.43%,Santrupt Mishra,BJD,No Alliance,"4,74,524",42.34%,"57,077"
1,Dadar & Nagar Haveli,Dadra & Nagar Haveli and Daman & Diu,72.52%,Kalaben Delkar,BJP,NDA,"1,21,074",58.89%,Ajit Mahala,INC,INDIA,"63,490",30.88%,"57,584"
19,Dahod,Gujarat,59.31%,Jasvantsinh Sumanbhai Bhabhor,BJP,NDA,"6,88,715",61.59%,Prabhaben Taviyad,INC,INDIA,"3,55,038",31.75%,"3,33,677"
17,Dakshina Kannada,Karnataka,77.56%,Brijesh Chowta,BJP,NDA,"7,64,132",53.97%,Padmaraj,INC,INDIA,"6,14,924",43.43%,"1,49,208"
2,Daman & Diu,Dadra & Nagar Haveli and Daman & Diu,68.77%,Umesh Babubhai Patel,Independent,Independent,"42,523",46.02%,Lalubhai Patel,BJP,NDA,"36,298",39.28%,"6,225"
7,Damoh,Madhya Pradesh,56.48%,Rahul Singh Lodhi,BJP,NDA,"7,09,768",65.18%,Tarbar Singh Lodhi,INC,INDIA,"3,03,342",27.86%,"4,06,426"
14,Darbhanga,Bihar,57.37%,Gopal Jee Thakur,BJP,NDA,"5,66,630",55.33%,Lalit Kumar Yadav,RJD,INDIA,"3,88,474",37.93%,"1,78,156"
4,Darjeeling,West Bengal,74.76%,Raju Bista,BJP,NDA,"6,79,331",51.18%,Gopal Lama,AITC,AITC,"5,00,806",37.73%,"1,78,525"
4,Darrang,Assam,82.01%,Dilip Saikia,BJP,NDA,"8,68,387",47.95%,Madhab Rajbangshi,INC,INDIA,"5,39,375",29.78%,"3,29,012"
11,Dausa,Rajasthan,55.72%,Murari Meena,INC,INDIA,"6,46,266",60.24%,Kanhaiya Lal Meena,BJP,NDA,"4,08,926",38.12%,"2,37,340"
13,Davanagere,Karnataka,76.99%,Prabha Mallikarjun,INC,INDIA,"6,33,059",47.95%,Gayithri Siddeshwara,BJP,NDA,"6,06,965",45.97%,"26,094"
66,Deoria,Uttar Pradesh,55.51%,Shashank Mani Tripathi,BJP,NDA,"5,04,541",48.36%,Akhilesh Pratap Singh,INC,INDIA,"4,69,699",45.02%,"34,842"
21,Dewas,Madhya Pradesh,75.48%,Mahendra Singh Solanky,BJP,NDA,"9,28,941",63.23%,Rajendra Radhakishan Malviya,INC,INDIA,"5,03,716",34.29%,"4,25,225"
7,Dhanbad,Jharkhand,62.06% ,Dulu Mahato,BJP,NDA,"7,89,172",55.26%,Anupama Singh,INC,INDIA,"4,57,589",32.04%,"3,31,583"
25,Dhar,Madhya Pradesh,72.76%,Savitri Thakur,BJP,NDA,"7,94,449",55.75%,Radheshyam Muvel,INC,INDIA,"5,75,784",40.40%,"2,18,665"
10,Dharmapuri,Tamil Nadu,81.20%,A. Mani,DMK,INDIA,"4,32,667",34.67%,Sowmiya Anbumani,PMK,NDA,"4,11,367",32.97%,"21,300"
11,Dharwad,Karnataka,74.37%,Pralhad Joshi,BJP,NDA,"7,16,231",52.41%,Vinod Asooti,INC,INDIA,"6,18,907",45.29%,"97,324"
29,Dhaurahra,Uttar Pradesh,64.54%,Anand Bhadauriya,SP,INDIA,"4,43,743",39.91%,Rekha Verma,BJP,NDA,"4,39,294",39.51%,"4,449"
9,Dhenkanal,Odisha,78.01%,Rudra Narayan Pany,BJP,NDA,"5,98,721",50.24%,Avinash Samal,BJD,No Alliance,"5,22,154",43.82%,"76,567"
2,Dhubri,Assam,92.08%,Rakibul Hussain,INC,INDIA,"14,71,885",59.99%,Badruddin Ajmal,AIUDF,Others,"4,59,409",18.72%,"10,12,476"
2,Dhule,Maharashtra,60.21%,Dr. Shobha Dinesh Bachhav,INC,INDIA,"5,83,866",47.89%,Subhash Bhamre,BJP,NDA,"5,80,035",42.11%,"3,831"
21,Diamond Harbour,West Bengal,81.04%,Abhishek Banerjee,AITC,AITC,"10,48,230",68.48%,Abhijit Das (Bobby),BJP,NDA,"3,37,300",22.03%,"7,10,930"
13,Dibrugarh,Assam,76.75%,Sarbananda Sonowal,BJP,NDA,"6,93,762",54.27%,Lurinjyoti Gogoi,AJP,INDIA,"4,14,441",32.42%,"2,79,321"
22,Dindigul,Tamil Nadu,71.14%,R. Sachidanandam,CPI(M),INDIA,"6,70,149",58.29%,V. M. S. Mohamed Mubarak[N 3],AIADMK,AIADMK+,"2,26,328",19.69%,"4,43,821"
20,Dindori,Maharashtra,66.75%,Bhaskar Bhagare,NCP(SP),INDIA,"5,77,339",46.53%,Bharati Pawar,BJP,NDA,"4,64,140",37.40%,"1,13,199"
6,Diphu,Assam,75.74%,Amar Sing Tisso,BJP,NDA,"3,34,620",49.01%,J.I. Kathar,Independent,Independent,"1,87,017",27.39%,"1,47,603"
60,Domariyaganj,Uttar Pradesh,51.97%,Jagdambika Pal,BJP,NDA,"4,63,303",45.47%,Bhishma Shankar Tiwari,SP,INDIA,"4,20,575",41.27%,"42,728"
16,Dum Dum,West Bengal,73.81%,Saugata Roy,AITC,AITC,"5,28,579",41.95%,Silbhadra Datta,BJP,NDA,"4,57,919",36.34%,"70,660"
2,Dumka,Jharkhand,73.87% ,Nalin Soren,JMM,INDIA,"5,47,370",46.23%,Sita Soren,BJP,NDA,"5,24,843",44.32%,"22,527"
7,Durg,Chhattisgarh,73.68%,Vijay Baghel,BJP,NDA,"9,56,497",62.00%,Rajendra Sahu,INC,INDIA,"5,18,271",33.59%,"4,38,226"
3,East Delhi,NCT OF Delhi,59.51%,Harsh Malhotra,BJP,NDA,"6,64,819",52.59%,Kuldeep Kumar,AAP,INDIA,"5,71,156",45.18%,"93,663"
10,Eluru,Andhra Pradesh,83.68%,Putta Mahesh Kumar,TDP,NDA,"7,46,351",54.00%,Karumuri Sunilkumar Yadav,YSRCP,No Alliance,"5,64,494",40.84%,"1,81,857"
12,Ernakulam,Kerala,68.29%,Hibi Eden,INC,UDF,"4,82,317",52.97%,K. J. Shine,CPI(M),LDF,"2,31,932",25.47%,"2,50,385"
17,Erode,Tamil Nadu,70.59%,K. E. Prakash,DMK,INDIA,"5,62,339",51.43%,Aatral Ashok Kumar,AIADMK,AIADMK+,"3,32,773",29.79%,"2,36,566"
22,Etah,Uttar Pradesh,59.31%,Devesh Shakya,SP,INDIA,"4,75,808",47.09%,Rajveer Singh,BJP,NDA,"4,47,756",44.32%,"28,052"
41,Etawah,Uttar Pradesh,56.36%,Jitendra Kumar Dohare,SP,INDIA,"4,90,747",47.47%,Ram Shankar Katheria,BJP,NDA,"4,32,328",41.82%,"58,419"
54,Faizabad,Uttar Pradesh,59.14%,Awadhesh Prasad,SP,INDIA,"5,54,289",48.59%,Lallu Singh,BJP,NDA,"4,99,722",43.81%,"54,567"
10,Faridabad,Haryana,60.52% ,Krishan Pal Gurjar,BJP,NDA,"7,88,569",53.60%,Mahender Pratap Singh,INC,INDIA,"6,15,655",41.84%,"1,72,914"
9,Faridkot,Punjab,63.34%,Sarabjeet Singh Khalsa,IND,Others,"2,98,062",29.38%,Karamjit Anmol,AAP,INDIA,"2,28,009",22.48%,"70,053"
40,Farrukhabad,Uttar Pradesh,59.08%,Mukesh Rajput,BJP,NDA,"4,87,963",47.20%,Naval Kishore Shakya,SP,INDIA,"4,85,285",46.94%,"2,678"
8,Fatehgarh Sahib,Punjab,62.53%,Amar Singh,INC,INDIA,"3,32,591",34.14%,Gurpreet Singh GP,AAP,INDIA,"2,98,389",30.63%,"34,202"
49,Fatehpur,Uttar Pradesh,57.09%,Naresh Uttam Patel,SP,INDIA,"5,00,328",45.20%,Sadhvi Niranjan Jyoti,BJP,NDA,"4,67,129",42.20%,"33,199"
19,Fatehpur Sikri,Uttar Pradesh,57.19%,Raj Kumar Chahar,BJP,NDA,"4,45,657",43.09%,Ramnath Sikarwar,INC,INDIA,"4,02,252",38.90%,"43,405"
20,Firozabad,Uttar Pradesh,58.53%,Akshay Yadav,SP,INDIA,"5,43,037",49.01%,Thakur Vishwadeep Singh,BJP,NDA,"4,53,725",40.95%,"89,312"
10,Firozpur,Punjab,67.02%,Sher Singh Ghubaya,INC,INDIA,"2,66,626",23.70%,Jagdeep Singh Kaka Brar,AAP,INDIA,"2,63,384",23.41%,"3,242"
12,Gadchiroli,Maharashtra,71.88%,Dr. Namdeo Dasaram Kirsan,INC,INDIA,"6,17,792",52.97%,Ashok Nete,BJP,NDA,"4,76,096",40.82%,"1,41,696"
6,Gandhinagar,Gujarat,59.80%,Amit Shah,BJP,NDA,"10,10,972",76.48%,Sonal Patel,INC,INDIA,"2,66,256",20.14%,"7,44,716"
1,Ganganagar,Rajasthan,66.59%,Kuldeep Indora,INC,INDIA,"7,26,492",51.40%,Priyanka Meghwal,BJP,NDA,"6,38,339",45.16%,"88,153"
2,Garhwal,Uttarakhand,52.42%,Anil Baluni,BJP,NDA,"4,32,159",58.6,Ganesh Godiyal,INC,INDIA,"2,68,656",36.43,"1,63,503"
13,Gautam Buddha Nagar,Uttar Pradesh,53.63%,Mahesh Sharma,BJP,NDA,"8,57,829",59.69%,Mahendra Nagar,SP,INDIA,"2,98,357",35.17%,"5,59,472"
38,Gaya,Bihar,52.76%,Jitan Ram Manjhi,HAM(S),NDA,"4,94,960",51.36%,Kumar Sarvjeet,RJD,INDIA,"3,93,148",40.80%,"1,01,812"
32,Ghatal,West Bengal,82.17%,Deepak Adhikari,AITC,AITC,"8,37,990",52.36%,Hiran Chatterjee,BJP,NDA,"6,55,122",40.93%,"1,82,868"
12,Ghaziabad,Uttar Pradesh,49.88%,Atul Garg,BJP,NDA,"8,54,170",58.09%,Dolly Sharma,SP,INDIA,"5,17,205",35.17%,"3,36,965"
75,Ghazipur,Uttar Pradesh,55.45%,Afzal Ansari,SP,INDIA,"5,39,912",46.82%,Paras Nath Rai,BJP,NDA,"4,15,051",35.99%,"1,24,861"
70,Ghosi,Uttar Pradesh,55.05%,Rajeev Kumar Rai,SP,INDIA,"5,03,131",43.73%,Arvind Rajbhar,SBSP,NDA,"3,40,188",29.57%,"1,62,943"
6,Giridih,Jharkhand,67.23% ,Chandra Prakash Choudhary,AJSU,NDA,"4,51,139",35.67%,Mathura Prasad Mahto,JMM,INDIA,"3,70,259",29.27%,"80,880"
3,Godda,Jharkhand,68.63% ,Nishikant Dubey,BJP,NDA,"6,93,140",49.57%,Pradeep Yadav,INC,INDIA,"5,91,327",42.29%,"1,01,813"
59,Gonda,Uttar Pradesh,51.62%,Kirti Vardhan Singh,BJP,NDA,"4,74,258",49.77%,Shreya Verma,SP,INDIA,"4,28,034",44.92%,"46,224"
17,Gopalganj,Bihar,52.32%,Alok Kumar Suman,JD(U),NDA,"5,11,866",48.15%,Chanchal Paswan,VIP,INDIA,"3,84,686",36.19%,"1,27,180"
64,Gorakhpur,Uttar Pradesh,54.93%,Ravindra Kishan Shukla,BJP,NDA,"5,84,512",50.75%,Kajal Nishad,SP,INDIA,"4,82,308",41.78%,"1,03,526"
5,Gulbarga,Karnataka,62.25%,Radhakrishna Doddamani,INC,INDIA,"6,52,321",49.78%,Umesh. G. Jadhav,BJP,NDA,"6,25,116",47.70%,"27,205"
4,Guna,Madhya Pradesh,72.43%,Jyotiraditya Scindia,BJP,NDA,"9,23,302",67.21%,Rao Yadvendra Singh,INC,INDIA,"3,82,373",27.83%,"5,40,929"
13,Guntur,Andhra Pradesh,78.81%,Chandra Sekhar Pemmasani,TDP,NDA,"8,64,948",60.68%,Kilari Venkata Rosaiah,YSRCP,No Alliance,"5,20,253",36.50%,"3,44,695"
1,Gurdaspur,Punjab,66.67%,Sukhjinder Singh Randhawa,INC,INDIA,"3,64,043",33.78%,Dinesh Singh,BJP,NDA,"2,81,182",26.09%,"82,861"
9,Gurgaon,Haryana,62.03% ,Rao Inderjit Singh,BJP,NDA,"8,08,336",50.48%,Raj Babbar,INC,INDIA,"7,33,257",45.79%,"75,079"
5,Guwahati,Assam,78.39%,Bijuli Kalita Medhi,BJP,NDA,"8,94,887",55.95%,Mira Borthakur Goswami,INC,INDIA,"6,43,797",40.25%,"2,51,090"
3,Gwalior,Madhya Pradesh,62.13%,Bharat Singh Kushwah,BJP,NDA,"6,71,535",49.99%,Praveen Pathak,INC,INDIA,"6,01,325",44.77%,"70,210"
21,Hajipur,Bihar,58.43%,Chirag Paswan,LJP(RV),NDA,"6,15,718",53.29%,Shiv Chandra Ram,RJD,INDIA,"4,45,613",38.57%,"1,70,105"
3,Hamirpur,Himachal Pradesh,71.56%,Anurag Thakur,BJP,NDA,"6,07,068",57.97,Satpal Singh Raizada,INC,INDIA,"4,24,711",40.55,"1,82,357"
47,Hamirpur,Uttar Pradesh,60.60%,Ajendra Singh Lodhi,SP,INDIA,"4,90,683",44.00%,Pushpendra Singh Chandel,BJP,NDA,"4,88,054",43.76%,"2,629"
31,Hardoi,Uttar Pradesh,57.52%,Jai Prakash Rawat,BJP,NDA,"4,86,798",44.25%,Usha Verma,SP,INDIA,"4,58,942",41.72%,"27,856"
5,Haridwar,Uttarakhand,63.53%,Trivendra Singh Rawat,BJP,NDA,"6,53,808",50.19,Virendra Rawat,INC,INDIA,"4,89,752",37.6,"1,64,056"
16,Hassan,Karnataka,77.68,Shreyas. M. Patel,INC,INDIA,"6,72,988",49.67%,Prajwal Revanna,JD(S),NDA,"6,30,339",46.52%,"42,649"
16,Hathras,Uttar Pradesh,55.71%,Anoop Pradhan,BJP,NDA,"5,54,746",51.24%,Jasveer Valmiki,SP,INDIA,"3,07,428",28.39%,"2,47,318"
48,Hatkanangale,Maharashtra,71.11%,Dhairyasheel Sambhajirao Mane,SHS,NDA,"5,20,190",40.14%,Satyajeet Patil,SS(UBT),INDIA,"5,06,764",39.10%,"13,426"
10,Haveri,Karnataka,77.60%,Basavaraj Bommai,BJP,NDA,"7,05,538",50.55%,Anandswamy Gaddadevara Math,INC,INDIA,"6,62,025",47.43%,"43,513"
14,Hazaribagh,Jharkhand,64.39% ,Manish Jaiswal,BJP,NDA,"6,54,163",51.76%,Jai Prakash Bhai Patel,INC,INDIA,"3,77,927",29.88%,"2,76,686"
20,Hindupur,Andhra Pradesh,84.70%,B. K. Parthasarathi,TDP,NDA,"7,25,534",51.23%,J. Shantha,YSRCP,No Alliance,"5,93,107",41.88%,"1,32,427"
15,Hingoli,Maharashtra,63.54%,Nagesh Bapurao Patil Ashtikar,SS(UBT),INDIA,"4,92,535",42.49%,Baburao Kadam Kohalikar,SHS,NDA,"3,83,933",33.12%,"1,08,602"
4,Hisar,Haryana,65.27% ,Jai Parkash,INC,INDIA,"5,70,424",48.58%,Ranjit Singh Chautala,BJP,NDA,"5,07,043",43.19%,"63,381"
28,Hooghly,West Bengal,81.38%,Rachana Banerjee,AITC,AITC,"7,02,744",46.31%,Locket Chatterjee,BJP,NDA,"6,25,891",41.24%,"76,853"
17,Hoshangabad,Madhya Pradesh,67.21%,Darshan Singh Choudhary,BJP,NDA,"8,12,147",64.99%,Sanjay Sharma Sanju Bhaiya,INC,INDIA,"3,13,803",30.44%,"4,31,696"
5,Hoshiarpur,Punjab,58.86%,Raj Kumar Chabbewal,AAP,INDIA,"3,03,859",32.04%,Yamini Gomar,INC,INDIA,"2,59,748",27.39%,"44,111"
25,Howrah,West Bengal,71.73%,Prasun Banerjee,AITC,AITC,"6,26,493",49.26%,Rathin Chakraborty,BJP,NDA,"4,57,051",35.94%,"1,69,442"
9,Hyderabad,Telangana,48.48%,Asaduddin Owaisi,AIMIM,Others,"6,61,981",61.28%,Kompella Madhavi Latha,BJP,NDA,"3,23,894",29.98%,"3,38,087"
13,Idukki,Kerala,66.55%,Dean Kuriakose,INC,UDF,"4,32,372",51.43%,Joice George,CPI(M),LDF,"2,98,645",35.53%,"1,33,727"
26,Indore,Madhya Pradesh,61.67%,Shankar Lalwani,BJP,NDA,"12,26,751",78.54%,None,NOTA,None,"2,18,674",14%,"10,08,077"
1,Inner Manipur,Manipur,80.37%,Angomcha Bimol Akoijam,INC,INDIA,"3,74,017",46.93,Thounaojam Basanta Kumar Singh,BJP,NDA,"2,64,216",33.16,"1,09,801"
13,Jabalpur,Madhya Pradesh,61.00%,Ashish Dubey,BJP,NDA,"7,90,133",68.20%,Dinesh Yadav,INC,INDIA,"3,03,459",26.19%,"4,86,674"
22,Jadavpur,West Bengal,76.68%,Saayoni Ghosh,AITC,AITC,"7,17,899",45.83%,Anirban Ganguly,BJP,NDA,"4,59,698",29.35%,"2,58,201"
16,Jagatsinghpur,Odisha,75.48%,Bibhu Prasad Tarai,BJP,NDA,"5,89,093",45.80%,Rajashree Mallick,BJD,No Alliance,"5,48,397",42.63%,"40,696"
36,Jahanabad,Bihar,55.09%,Surendra Prasad Yadav,RJD,INDIA,"4,43,035",47.88%,Chandeshwar Prasad,JD(U),NDA,"3,00,444",32.47%,"1,42,591"
7,Jaipur,Rajasthan,63.38%,Manju Sharma,BJP,NDA,"8,86,850",60.61%,Pratap Khachariyawas,INC,INDIA,"5,55,083",37.93%,"3,31,767"
6,Jaipur Rural,Rajasthan,56.70%,Rajendra Singh,BJP,NDA,"6,17,877",48.96%,Anil Chopra,INC,INDIA,"6,16,262",48.83%,"1,618"
8,Jajpur,Odisha,74.47%,Rabindra Narayan Behera,BJP,NDA,"5,34,239",46.01%,Sarmistha Sethi,BJD,No Alliance,"5,32,652",45.87%,"1,587"
4,Jalandhar,Punjab,59.70%,Charanjit Singh Channi,INC,INDIA,"3,90,053",39.43%,Sushil Kumar Rinku,BJP,NDA,"2,14,060",21.64%,"1,75,993"
45,Jalaun,Uttar Pradesh,56.18%,Narayan Das Ahirwar,SP,INDIA,"5,30,180",46.96%,Bhanu Pratap Singh Verma,BJP,NDA,"4,76,282",42.19%,"53,898"
3,Jalgaon,Maharashtra,58.47%,Smita Wagh,BJP,NDA,"6,74,428",57.67%,Karan Pawar,SS(UBT),INDIA,"4,22,834",36.15%,"2,51,954"
18,Jalna,Maharashtra,69.18%,Dr. Kalyan Kale,INC,INDIA,"6,07,897",44.59%,Raosaheb Danve,BJP,NDA,"4,97,939",36.52%,"1,09,958"
18,Jalore,Rajasthan,62.89%,Lumbaram Choudhary,BJP,NDA,"7,96,783",54.91%,Vaibhav Gehlot,INC,INDIA,"5,95,240",41.02%,"2,01,543"
3,Jalpaiguri,West Bengal,83.66%,Jayanta Kumar Roy,BJP,NDA,"7,66,568",48.57%,Nirmal Chandra Roy,AITC,AITC,"6,79,875",43.07%,"86,693"
5,Jammu,Jammu and Kashmir,72.22%,Jugal Kishore Sharma,BJP,NDA,"6,87,588",52.80%,Raman Bhalla,INC,INDIA,"5,52,090",42.40%,"1,35,498"
12,Jamnagar,Gujarat,57.67%,Poonamben Maadam,BJP,NDA,"6,20,049",58.98%,J.P Marvia,INC,INDIA,"3,82,041",36.34%,"2,38,008"
9,Jamshedpur,Jharkhand,67.68% ,Bidyut Baran Mahato,BJP,NDA,"7,26,174",56.84%,Samir Mohanty,JMM,INDIA,"4,66,392",36.50%,"2,59,782"
40,Jamui,Bihar,51.25%,Arun Bharti,LJP(RV),NDA,"5,09,046",51.98%,Archana Kumari,RJD,INDIA,"4,45,613",40.50%,"1,12,482"
9,Jangipur,West Bengal,75.72%,Khalilur Rahaman,AITC,AITC,"5,44,427",39.75%,Murtoja Hossain Bokul,INC,SDA,"4,27,790",31.23%,"1,16,637"
3,Janjgir,Chhattisgarh,67.56%,Kamlesh Jangre,BJP,NDA,"6,78,199",48.71%,Shivkumar Dahariya,INC,INDIA,"6,18,199",44.40%,"60,000"
73,Jaunpur,Uttar Pradesh,55.59%,Babu Singh Kushwaha,SP,INDIA,"5,09,130",46.21%,Kripashankar Singh,BJP,NDA,"4,09,795",37.19%,"99,335"
19,Jhalawar,Rajasthan,80.08%,Pratima Mondal,AITC,AITC,"8,94,312",60.32%,Ashok Kandari,BJP,NDA,"4,24,093",28.60%,"4,70,219"
25,Jhanjharpur,Bihar,69.71%,Dushyant Singh,BJP,NDA,"8,65,376",60.88%,Urmila Jain,INC,INDIA,"4,94,387",34.78%,"3,70,989"
7,Jhansi,Uttar Pradesh,54.48%,Ramprit Mandal,JD(U),NDA,"5,33,032",48.73%,Suman Kumar Mahaseth,VIP,INDIA,"3,48,863",31.90%,"1,84,169"
46,Jhargram,West Bengal,63.86%,Anurag Sharma,BJP,NDA,"6,90,316",50.00%,Pradeep Jain Aditya,SP,INDIA,"5,87,702",42.57%,"1,02,614"
33,Jhunjhunu,Rajasthan,83.47%,Kalipada Soren,AITC,AITC,"7,43,478",49.87%,Dr. Pranat Tudu,BJP,NDA,"5,69,430",38.20%,"1,74,048"
4,Jodhpur,Rajasthan,52.93%,Brijendra Ola,INC,INDIA,"5,53,168",49.44%,Shubhkaran Choudhary,BJP,NDA,"5,34,933",47.81%,"18,235"
16,Jorhat,Assam,64.27%,Gajendra Shekhawat,BJP,NDA,"7,30,056",52.76%,Karan Singh Uchiyara,INC,INDIA,"6,14,379",44.41%,"1,15,677"
14,Joynagar,West Bengal,79.89%,Gourav Gogoi,INC,INDIA,"7,51,771",54.04%,Topon Kumar Gogoi,BJP,NDA,"6,07,378",43.66%,"1,44,393"
13,Junagadh,Gujarat,58.91%,Rajesh Chudasama,BJP,NDA,"5,84,049",54.67%,Hirabhai Jotva,INC,INDIA,"4,48,555",41.99%,"1,35,494"
1,Kachchh,Gujarat,56.14%,Vinodbhai Chavda,BJP,NDA,"6,59,574",60.23%,Nitishbhai Lalan,INC,INDIA,"3,90,792",60.23%,"2,68,782"
21,Kadapa,Andhra Pradesh,79.57%,Y. S. Avinash Reddy,YSRCP,No Alliance,"6,05,143",45.78%,Chadipiralla Bhupesh Reddy,TDP,NDA,"5,42,448",41.03%,"62,695"
2,Kairana,Uttar Pradesh,62.46%,Iqra Choudhary,SP,INDIA,"5,28,013",48.90%,Pradeep Kumar Chaudhary,BJP,NDA,"4,58,897",42.50%,"69,116"
57,Kaiserganj,Uttar Pradesh,55.68%,Karan Bhushan Singh,BJP,NDA,"5,71,263",53.79%,Bhagat Ram Mishra,SP,INDIA,"4,22,420",39.77%,"1,48,843"
6,Kakinada,Andhra Pradesh,80.30%,Tangella Uday Srinivas,JSP,NDA,"7,29,699",54.87%,Chalamalasetti Sunil,YSRCP,No Alliance,"5,00,208",37.62%,"2,29,491"
11,Kalahandi,Odisha,77.90%,Malvika Devi,BJP,NDA,"5,44,303",40.79%,Lambodhar Nial,BJD,No Alliance,"4,10,490",30.77%,"1,33,813"
14,Kallakurichi,Tamil Nadu,79.21%,Malaiarasan,DMK,INDIA,"5,61,589",44.94%,R. Kumaraguru,AIADMK,AIADMK+,"5,07,805",40.64%,"53,784"
24,Kalyan,Maharashtra,50.12%,Shrikant Shinde,SHS,NDA,"5,89,636",56.38%,Vaishali Darekar Rane,SS(UBT),INDIA,"3,80,492",36.39%,"2,09,144"
6,Kancheepuram,Tamil Nadu,71.68%,G. Selvam,DMK,INDIA,"5,86,044",46.53%,E. Rajasekar,AIADMK,AIADMK+,"3,64,571",28.94%,"2,21,473"
13,Kandhamal,Odisha,74.13%,Sukanta Kumar Panigrahi,BJP,NDA,"4,16,415",41.80%,Achyutananda Samanta,BJD,No Alliance,"3,95,044",39.66%,"21,371"
1,Kangra,Himachal Pradesh,67.89%,Rajeev Bhardwaj,BJP,NDA,"6,32,793",61.03,Anand Sharma,INC,INDIA,"3,80,898",36.74,"2,51,895"
11,Kanker,Chhattisgarh,76.23%,Bhojraj Nag,BJP,NDA,"5,97,624",47.23%,Biresh Thakur,INC,INDIA,"5,95,740",47.08%,"1,884"
42,Kannauj,Uttar Pradesh,61.08%,Akhilesh Yadav,SP,INDIA,"6,42,292",52.74%,Subrat Pathak,BJP,NDA,"4,71,370",38.71%,"1,70,922"
39,Kanniyakumari,Tamil Nadu,65.44%,Vijay Vasanth,INC,INDIA,"5,46,248",53.08%,Pon. Radhakrishnan,BJP,NDA,"3,66,341",35.60%,"1,79,907"
2,Kannur,Kerala,77.21%,K. Sudhakaran,INC,UDF,"5,18,524",48.74%,M. V. Jayarajan,CPI(M),LDF,"4,09,542",38.50%,"1,08,982"
43,Kanpur,Uttar Pradesh,53.05%,Ramesh Awasthi,BJP,NDA,"4,43,055",49.93%,Alok Misra,INC,INDIA,"4,22,087",47.56%,"20,968"
31,Kanthi,West Bengal,84.77%,Soumendu Adhikari,BJP,NDA,"7,63,195",49.85%,Uttam Barik,AITC,AITC,"7,15,431",46.73%,"47,764"
35,Karakat,Bihar,54.68%,Raja Ram Singh Kushwaha,CPI(ML)L,INDIA,"3,80,581",36.89%,Pawan Singh,Independent,Others,"2,74,723",26.63%,"1,05,858"
10,Karauli,Rajasthan,49.59%,Bhajan Jatav,INC,INDIA,"5,30,011",53.64%,Indu Devi,BJP,NDA,"4,31,066",43.62%,"98,945"
7,Karimganj,Assam,80.48%,Kripanath Mallah,BJP,NDA,"5,45,093",47.53%,Hafiz Rashid Ahmed Choudhury,INC,INDIA,"5,26,733",45.93%,"18,360"
3,Karimnagar,Telangana,72.54%,Bandi Sanjay Kumar,BJP,NDA,"5,85,116",44.57,Velichala Rajender Rao,INC,INDIA,"3,59,907",27.41%,"2,25,209"
5,Karnal,Haryana,63.74% ,Manohar Lal Khattar,BJP,NDA,"7,39,285",54.93%,Divyanshu Budhiraja,INC,INDIA,"5,06,708",37.65%,"2,32,577"
23,Karur,Tamil Nadu,78.70%,S. Jothimani,INC,INDIA,"5,34,906",47.25%,K. R. L. Thangavel,AIADMK,AIADMK+,"3,68,090",32.52%,"1,66,816"
1,Kasaragod,Kerala,76.04%,Rajmohan Unnithan,INC,UDF,"4,90,659",44.10%,M. V. Balakrishnan,CPI(M),LDF,"3,90,010",35.06%,"1,00,649"
11,Katihar,Bihar,63.76%,Tariq Anwar,INC,INDIA,"5,67,092",48.41%,Dulal Chandra Goswami,JD(U),NDA,"5,17,229",44.15%,"49,863"
50,Kaushambi,Uttar Pradesh,52.80%,Pushpendra Saroj,SP,INDIA,"5,09,787",50.51%,Vinod Sonkar,BJP,NDA,"4,05,843",40.21%,"1,03,944"
10,Kaziranga,Assam,79.33%,Kamakhya Prasad Tasa,BJP,NDA,"8,97,043",55.04%,Roselina Tirkey,INC,INDIA,"6,48,096",39.76%,"2,48,947"
15,Kendrapara,Odisha,71.22%,Baijayant Panda,BJP,NDA,"6,15,705",48.21%,Anshuman Mohanty,BJD,No Alliance,"5,49,169",43.00%,"66,536"
4,Keonjhar,Odisha,78.97%,Ananta Nayak,BJP,NDA,"5,73,923",45.67%,Dhanurjaya Sidu,BJD,No Alliance,"4,76,881",37.95%,"97,042"
3,Khadoor Sahib,Punjab,62.55%,Amritpal Singh,IND,Others,"4,04,430",38.62%,Kulbir Singh Zira,INC,INDIA,"2,07,310",19.80%,"1,97,120"
25,Khagaria,Bihar,57.48%,Rajesh Verma,LJP(RV),NDA,"5,38,657",50.73%,Sanjay Kumar,CPI(M),INDIA,"3,77,526",35.55%,"1,61,131"
8,Khajuraho,Madhya Pradesh,56.97%,Vishnu Datt Sharma,BJP,NDA,"7,72,774",67.75%,Kamlesh Kumar,BSP,Others,"2,31,545",20.30%,"5,41,229"
17,Khammam,Telangana,76.09%,Ramasahayam Raghuram Reddy,INC,INDIA,"7,66,929",61.29%,Nama Nageswara Rao,BRS,Others,"2,99,082",23.90%,"4,67,847"
28,Khandwa,Madhya Pradesh,71.52%,Gyaneswar Patil,BJP,NDA,"8,62,679",57.04%,Narendra Patel,INC,INDIA,"5,92,708",39.19%,"2,69,971"
27,Khargone,Madhya Pradesh,76.03%,Gajendra Singh Patel,BJP,NDA,"8,19,863",52.60%,Porlal Batha Kharte,INC,INDIA,"6,84,845",43.93%,"1,35,018"
17,Kheda,Gujarat,58.12%,Devusinh Jesingbhai Chauhan,BJP,NDA,"7,44,435",63.31%,Kalusinh Dabhi,INC,INDIA,"3,86,677",32.88%,"3,57,758"
28,Kheri,Uttar Pradesh,64.68%,Utkarsh Verma,SP,INDIA,"5,57,365",45.94%,Ajay Mishra Teni,BJP,NDA,"5,23,036",43.11%,"34,329"
11,Khunti,Jharkhand,69.93% ,Kali Charan Munda,INC,INDIA,"5,11,647",54.62%,Arjun Munda,BJP,NDA,"3,61,972",38.64%,"1,49,675"
10,Kishanganj,Bihar,62.84%,Mohammad Jawed,INC,INDIA,"4,02,850",35%,Mujahid Alam,JD(U),NDA,"3,43,158",29.81%,"59,692"
5,Kodarma,Jharkhand,61.81%,Annpurna Devi,BJP,NDA,"7,91,657",57.79%,Vinod Kumar Singh,CPI(M-L)L,INDIA,"4,14,643",30.27%,"3,77,014"
1,Kokrajhar,Assam,83.55%,Joyanta Basumatary,UPPL,NDA,"4,88,995",39.39%,Kampa Borgoyari,BPF,Others,"4,37,412",35.23%,"51,583"
28,Kolar,Karnataka,78.27,M. Mallesh Babu,JD(S),NDA,"6,91,481",51.02%,K V Gowtham,INC,INDIA,"6,20,093",45.76%,"71,388"
47,Kolhapur,Maharashtra,71.59%,Shahu Chhatrapati Maharaj,INC,INDIA,"7,54,522",54.15%,Sanjay Mandlik,SHS,NDA,"5,99,558",43.03%,"1,54,964"
23,Kolkata Dakshin,West Bengal,66.95%,Mala Roy,AITC,AITC,"6,15,274",49.48%,Debasree Chaudhuri,BJP,NDA,"4,28,043",34.42%,"1,87,231"
24,Kolkata Uttar,West Bengal,63.59%,Sudip Bandyopadhyay,AITC,AITC,"4,54,696",47.44%,Tapas Roy,BJP,NDA,"3,62,136",37.78%,"92,560"
18,Kollam,Kerala,68.15%,N. K. Premachandran,RSP,UDF,"4,43,628",48.45%,M. Mukesh,CPI(M),LDF,"2,93,326",32.03%,"1,50,302"
8,Koppal,Karnataka,70.99%,K. Rajashekar Basavaraj Hitnal,INC,INDIA,"6,63,511",49.93%,Basavaraj Kyavator,BJP,NDA,"6,17,154",46.44%,"46,357"
21,Koraput,Odisha,77.53%,Saptagiri Sankar Ulaka,INC,INDIA,"4,71,393",41.03%,Kausalya Hikaka,BJD,No Alliance,"3,23,649",28.17%,"1,47,744"
4,Korba,Chhattisgarh,75.63%,Jyotsna Mahant,INC,INDIA,"5,70,182",46.53%,Saroj Pandey,BJP,NDA,"5,26,899",43.00%,"43,283"
24,Kota,Rajasthan,71.26%,Om Birla,BJP,NDA,"7,50,496",50.03%,Prahlad Gunjal,INC,INDIA,"7,08,522",47.23%,"41,974"
14,Kottayam,Kerala,65.61%,K. Francis George,KEC,UDF,"3,64,631",43.60%,Thomas Chazhikadan,KC(M),LDF,"2,77,365",33.17%,"87,266"
5,Kozhikode,Kerala,75.52%,M. K. Raghavan,INC,UDF,"5,20,421",47.74%,Elamaram Kareem,CPI(M),LDF,"3,74,245",34.33%,"1,46,176"
9,Krishnagiri,Tamil Nadu,71.50%,K. Gopinath,INC,INDIA,"4,92,883",42.27%,V. Jayaprakash,AIADMK,AIADMK+,"3,00,397",25.76%,"1,92,486"
12,Krishnanagar,West Bengal,80.65%,Mahua Moitra,AITC,AITC,"6,28,789",44.10%,Amrita Roy,BJP,NDA,"5,72,084",40.13%,"56,705"
18,Kurnoolu,Andhra Pradesh,76.80%,Bastipati Nagaraju Panchalingala,TDP,NDA,"6,58,914",49.51%,B. Y. Ramaiah,YSRCP,No Alliance,"5,47,616",41.15%,"1,11,298"
2,Kurukshetra,Haryana,67.01% ,Naveen Jindal,BJP,NDA,"5,42,175",44.96%,Sushil Gupta,AAP,INDIA,"5,13,154",42.55%,"29,021"
65,Kushi Nagar,Uttar Pradesh,57.57%,Vijay Kumar Dubey,BJP,NDA,"5,16,345",47.79%,Ajay Pratap Singh,SP,INDIA,"4,34,555",40.22%,"81,790"
1,Ladakh,Ladakh,71.82%,Mohmad Haneefa,Independent,Independent,"65,629",48.15%,Tsering Namgyal,INC,INDIA,"37,397",27.59%,"27,862"
12,Lakhimpur,Assam,76.42%,Pradan Baruah,BJP,NDA,"6,63,122",54.75%,Uday Shankar Hazarika,INC,INDIA,"4,61,865",38.13%,"2,01,257"
1,Lakshadweep,Lakshadweep,84.16%,Muhammed Hamdulla Sayeed,INC,INDIA,"25,726",52.29%,Mohammed Faizal Padippura,NCP(SP),INDIA,"23,079",46.91%,"2,647"
68,Lalganj,Uttar Pradesh,54.38%,Daroga Saroj,SP,INDIA,"4,39,959",43.85%,Neelam Sonkar,BJP,NDA,"3,24,936",32.38%,"1,15,023"
41,Latur,Maharashtra,62.59%,Dr. Shivajirao Kalge,INC,INDIA,"6,09,021",49.15%,Sudhakar Tukaram Shrangare,BJP,NDA,"5,47,140",44.16%,"61,881"
12,Lohardaga,Jharkhand,66.45% ,Sukhdeo Bhagat,INC,INDIA,"4,83,038",49.95%,Sameer Oraon,BJP,NDA,"3,43,900",35.56%,"1,39,138"
35,Lucknow,Uttar Pradesh,52.28%,Rajnath Singh,BJP,NDA,"6,12,709",53.59%,Ravidas Mehrotra,SP,INDIA,"4,77,550",42.00%,"1,35,159"
7,Ludhiana,Punjab,60.12%,Amrinder Singh Raja Warring,INC,INDIA,"3,22,224",30.42%,Ravneet Singh Bittu,BJP,NDA,"3,01,282",28.45%,"20,942"
74,Machhlishahr,Uttar Pradesh,54.49%,Priya Saroj,SP,INDIA,"4,51,292",42.57%,B. P. Saroj,BJP,NDA,"4,15,442",39.19%,"35,850"
11,Machilipatnam,Andhra Pradesh,84.05%,Vallabhaneni Balasouri,JSP,NDA,"7,24,439",55.22%,Simhadri Chandrasekhar Rao,YSRCP,No Alliance,"5,01,260",38.21%,"2,23,179"
43,Madha,Maharashtra,63.65%,Dhairyasheel Mohite Patil,NCP(SP),INDIA,"6,22,213",48.86%,Ranjit Naik-Nimbalkar,BJP,NDA,"5,01,376",39.37%,"1,20,837"
13,Madhepura,Bihar,58.29%,Dinesh Chandra Yadav,JD(U),NDA,"6,40,649",52.96%,Da Kumar Chandrareep,RJD,INDIA,"4,66,115",38.53%,"1,74,534"
6,Madhubani,Bihar,53.04%,Ashok Kumar Yadav,BJP,NDA,"5,53,428",53.85%,Mohammad Ali Ashraf Fatmi,RJD,INDIA,"4,24,747",39.07%,"1,51,945"
32,Madurai,Tamil Nadu,62.04%,Su. Venkatesan,CPI(M),INDIA,"4,30,323",43.60%,Raama Sreenivasan,BJP,NDA,"2,20,914",22.38%,"2,09,409"
16,Mahabubabad,Telangana,71.85%,Balram Naik,INC,INDIA,"6,12,774",55.27%,Kavitha Maloth,BRS,Others,"2,63,609",23.77%,"3,49,165"
11,Maharajganj,Bihar,71.85%,D. K. Aruna,BJP,NDA,"5,10,747",41.66%,Challa Vamshi Chand Reddy,INC,INDIA,"5,06,247",41.29%,"4,500"
19,Maharajganj,Uttar Pradesh,52.27%,Janardan Singh,BJP,NDA,"5,29,533",52.22%,Aakash Kumar Singh,INC,INDIA,"4,26,882",42.09%,"1,02,651"
63,Mahasamund,Chhattisgarh,60.31%,Pankaj Chaudhary,BJP,NDA,"5,91,310",48.85%,Virendra Chaudhary,INC,INDIA,"5,55,859",45.92%,"35,451"
9,Mahbubnagar,Telangana,75.02% ,Rupkumari Choudhary,BJP,NDA,"7,03,659",53.06%,Tamradhwaj Sahu,INC,INDIA,"5,58,203",42.09%,"1,45,456"
4,Mahesana,Gujarat,59.86%,Haribhai Patel,BJP,NDA,"6,86,406",63.74%,Ramji Thakor (Palvi),INC,INDIA,"3,58,360",33.28%,"3,28,046"
21,Mainpuri,Uttar Pradesh,58.73%,Dimple Yadav,SP,INDIA,"5,98,526",56.79%,Jayveer Singh,BJP,NDA,"3,76,887",35.76%,"2,21,639"
6,Malappuram,Kerala,72.95%,E. T. Mohammed Basheer,IUML,UDF,"6,44,006",59.35%,V. Vaseef,CPI(M),LDF,"3,43,888",31.69%,"3,00,118"
8,Maldaha Dakshin,West Bengal,76.69%,Isha Khan Choudhury,INC,SDA,"5,72,395",41.79%,Sreerupa Mitra Chaudhury,BJP,NDA,"4,44,027",32.42%,"1,28,368"
7,Maldaha Uttar,West Bengal,76.03%,Khagen Murmu,BJP,NDA,"5,27,023",37.18%,Prasun Banerjee,AITC,AITC,"4,49,315",31.70%,"77,708"
7,Malkajgiri,Telangana,50.78%,Etela Rajender,BJP,NDA,"9,91,042",51.25%,Patnam Sunitha Mahender Reddy,INC,INDIA,"5,99,567",31.00%,"3,91,475"
2,Mandi,Himachal Pradesh,73.15%,Kangana Ranaut,BJP,NDA,"5,37,022",52.87,Vikramaditya Singh,INC,INDIA,"4,62,267",45.51,"74,755"
14,Mandla,Madhya Pradesh,72.84%,Faggan Singh Kulaste,BJP,NDA,"7,51,375",48.93%,Omkar Singh Markam,INC,INDIA,"6,47,529",42.17%,"1,03,846"
23,Mandsour,Madhya Pradesh,75.27%,Sudheer Gupta,BJP,NDA,"9,45,761",65.98%,Dilip Singh Gurjar,INC,INDIA,"4,45,106",31.05%,"5,00,655"
20,Mandya,Karnataka,81.67%,H.D. Kumaraswamy,JD(S),NDA,"8,51,881",58.34%,Venkataramane Gowda,INC,INDIA,"5,67,261",38.85%,"2,84,620"
17,Mathura,Uttar Pradesh,49.41%,Hema Malini,BJP,NDA,"5,10,064",53.29%,Mukesh Dhangar,INC,INDIA,"2,16,657",22.64%,"2,93,407"
20,Mathurapur,West Bengal,82.02%,Bapi Halder,AITC,AITC,"7,55,731",50.52%,Ashok Purkait,BJP,NDA,"5,54,674",37.08%,"2,01,057"
33,Maval,Maharashtra,54.87%,Shrirang Barne,SHS,NDA,"6,92,832",48.81%,Sanjog Waghere Patil,SS(UBT),INDIA,"5,96,217",42.00%,"96,615"
16,Mavelikkara,Kerala,65.95%,Kodikunnil Suresh,INC,UDF,"3,69,516",41.29%,C. A. Arun Kumar,CPI,LDF,"3,58,648",40.07%,"10,868"
28,Mayiladuthurai,Tamil Nadu,70.09%,Sudha Ramakrishnan,INC,INDIA,"5,18,459",47.67%,P. Babu,AIADMK,AIADMK+,"2,47,276",22.73%,"2,71,183"
5,Mayurbhanj,Odisha,75.79%,Naba Charan Majhi,BJP,NDA,"5,85,971",49.91%,Sudam Marndi,BJD,No Alliance,"3,66,637",31.23%,"2,19,334"
6,Medak,Telangana,75.09%,Raghunandan Rao,BJP,NDA,"4,71,217",33.99%,Neelam Madhu,INC,INDIA,"4,32,078",31.17%,"39,139"
34,Medinipur,West Bengal,81.56%,June Malia,AITC,AITC,"7,02,192",47.40%,Agnimitra Paul,BJP,NDA,"6,75,001",45.56%,"27,191"
10,Meerut,Uttar Pradesh,58.94%,Arun Govil,BJP,NDA,"5,46,469",46.21%,Sunita Verma,SP,INDIA,"5,35,884",45.32%,"10,585"
79,Mirzapur,Uttar Pradesh,57.92%,Anupriya Patel,AD(S),NDA,"4,71,631",42.67%,Ramesh Chand Bind,SP,INDIA,"4,33,821",39.25%,"37,810"
32,Misrikh,Uttar Pradesh,55.89%,Ashok Kumar Rawat,BJP,NDA,"4,75,016",45.15%,Sangita Rajwanshi,SP,INDIA,"4,41,610",41.98%,"33,406"
1,Mizoram,Mizoram,56.87%,Richard Vanlalhmangaiha,ZPM,Others,"2,08,552",42.45%,K. Vanlalvena,MNF,Others,"1,40,264",28.55%,"68,288"
34,Mohanlalganj,Uttar Pradesh,62.88%,R. K. Chaudhary,SP,INDIA,"6,67,869",48.49%,Kaushal Kishore,BJP,NDA,"5,97,577",43.48%,"70,292"
6,Moradabad,Uttar Pradesh,62.18%,Ruchi Veera,SP,INDIA,"6,37,363",49.67%,Kunwar Sarvesh Kumar Singh,BJP,NDA,"5,31,601",41.43%,"1,05,762"
1,Morena,Madhya Pradesh,58.97%,Shivmangal Singh Tomar,BJP,NDA,"5,15,477",43.41%,Neetu Satyapal Singh Sikarwar,INC,INDIA,"4,62,947",38.99%,"52,530"
26,Mumbai North,Maharashtra,57.02%,Piyush Goyal,BJP,NDA,"6,80,146",65.68%,Bhushan Patil,INC,INDIA,"3,22,538",31.15%,"3,57,608"
29,Mumbai North Central,Maharashtra,51.98%,Varsha Gaikwad,INC,INDIA,"4,45,545",48.93%,Ujjwal Nikam,BJP,NDA,"4,29,031",47.12%,"16,514"
28,Mumbai North East,Maharashtra,56.37%,Sanjay Dina Patil,SS(UBT),INDIA,"4,50,937",48.67%,Mihir Kotecha,BJP,NDA,"4,21,076",45.45%,"29,861"
27,Mumbai North West,Maharashtra,54.84%,Ravindra Waikar,SHS,NDA,"4,52,644",47.40%,Amol Kirtikar,SS(UBT),INDIA,"4,52,596",47.39%,48
31,Mumbai South,Maharashtra,50.06%,Arvind Sawant,SS(UBT),INDIA,"3,95,655",51.18%,Yamini Jadhav,SHS,NDA,"3,42,982",44.36%,"52,673"
30,Mumbai South Central,Maharashtra,53.60%,Anil Desai,SS(UBT),INDIA,"3,95,138",49.73%,Rahul Shewale,SHS,NDA,"3,41,754",43.01%,"53,384"
28,Munger,Bihar,55.55%,Lalan Singh,JD(U),NDA,"5,50,146",48.30%,Kumari Anita,RJD,INDIA,"4,69,276",41.20%,"80,870"
11,Murshidabad,West Bengal,81.52%,Abu Taher Khan,AITC,AITC,"6,82,442",44.27%,Md. Salim,CPI(M),SDA,"5,18,227",33.62%,"1,64,215"
3,Muzaffarnagar,Uttar Pradesh,59.13%,Harendra Singh Malik,SP,INDIA,"4,70,721",43.64%,Sanjeev Balyan,BJP,NDA,"4,46,049",41.35%,"24,672"
15,Muzaffarpur,Bihar,59.47%,Raj Bhushan Nishad,BJP,NDA,"6,19,749",55.71%,Ajay Nishad,INC,INDIA,"3,84,822",34.59%,"2,34,927"
21,Mysore,Karnataka,70.62%,Yaduveer Wadiyar,BJP,NDA,"7,95,503",53.59%,M Lakshman,INC,INDIA,"6,56,241",44.21%,"1,39,262"
12,Nabarangpur,Odisha,82.16%,Balabhadra Majhi,BJP,NDA,"4,81,396",38.74%,Pradeep Majhi,BJD,No Alliance,"3,93,860",31.70%,"87,536"
1,Nagaland,Nagaland,57.72%,S. Supongmeren Jamir,INC,INDIA,"4,01,951",52.83%,Chumben Murry,NDPP,NDA,"3,50,967",46.13%,"50,984"
9,Nagaon,Assam,84.97%,Pradyut Bordoloi,INC,INDIA,"7,88,850",50.89%,Suresh Borah,BJP,NDA,"5,76,619",37.20%,"2,12,331"
29,Nagapattinam,Tamil Nadu,71.94%,V. Selvaraj,CPI,INDIA,"4,65,044",47.79%,G. Surjith Sankar,AIADMK,AIADMK+,"2,56,087",26.32%,"2,08,957"
12,Nagarkurnool,Telangana,69.46%,Mallu Ravi,INC,INDIA,"4,65,072",38.14%,Pothuganti Bharath Prasad,BJP,NDA,"3,70,658",30.40%,"94,414"
14,Nagaur,Rajasthan,57.23%,Hanuman Beniwal,RLP,INDIA,"5,96,955",48.20%,Jyoti Mirdha,BJP,NDA,"5,54,730",44.79%,"42,225"
5,Nagina,Uttar Pradesh,60.75%,Chandrashekhar Azad Ravan,ASP(KR),Others,"5,12,552",51.19%,Om Kumar,BJP,NDA,"3,59,751",36.06%,"1,51,473"
10,Nagpur,Maharashtra,54.32%,Nitin Gadkari,BJP,NDA,"6,55,027",54.07%,Vikas Thakare,INC,INDIA,"5,17,424",42.72%,"1,37,603"
4,Nainital,Uttarakhand,62.47%,Ajay Bhatt,BJP,NDA,"7,72,671",61.03,Prakash Joshi,INC,INDIA,"4,38,123",34.61,"3,34,548"
29,Nalanda,Bihar,49.78%,Kaushalendra Kumar,JD(U),NDA,"5,59,422",48.88%,Sandeep Saurav,CPI(ML)L,INDIA,"3,90,308",34.11%,"1,69,114"
13,Nalgonda,Telangana,74.02%,Kunduru Raghuveer Reddy,INC,INDIA,"7,84,337",60.50%,Shanampudi Saidireddy,BJP,NDA,"2,24,432",17.31%,"5,59,905"
16,Namakkal,Tamil Nadu,78.21%,V. S. Matheswaran[N 2],DMK,INDIA,"4,62,036",40.31%,S. Tamil Mani,AIADMK,AIADMK+,"4,32,924",37.77%,"29,112"
16,Nanded,Maharashtra,60.94%,Vasantrao Balwantrao Chavan,INC,INDIA,"5,28,894",46.88%,Prataprao Govindrao Chikhalikar,BJP,NDA,"4,69,452",41.61%,"59,442"
1,Nandurbar,Maharashtra,70.68%,Adv. Gowaal K Padavi,INC,INDIA,"7,45,998",53.53%,Heena Gavit,BJP,NDA,"5,86,878",42.11%,"1,59,120"
17,Nandyal,Andhra Pradesh,80.61%,Byreddy Shabari,TDP,NDA,"7,01,131",49.92%,Pocha Brahmananda Reddy,YSRCP,No Alliance,"5,89,156",41.95%,"1,11,975"
9,Narsapuram,Andhra Pradesh,82.59%,Bhupathi Raju Srinivasa Varma,BJP,NDA,"7,07,343",57.46%,Guduri Umabala,YSRCP,No Alliance,"4,30,541",34.98%,"2,76,802"
14,Narsaraopet,Andhra Pradesh,85.65%,Lavu Sri Krishna Devarayalu,TDP,NDA,"8,07,996",53.88%,Poluboina Anilkumar Yadav,YSRCP,No Alliance,"6,48,267",43.23%,"1,59,729"
21,Nashik,Maharashtra,60.75%,Rajabhau Waje,SS(UBT),INDIA,"6,16,729",49.85%,Hemant Godse,SHS,NDA,"4,54,728",36.75%,"1,62,001"
25,Navsari,Gujarat,59.66%,C. R. Patil,BJP,NDA,"10,31,065",77.05%,Naishadh Desai,INC,INDIA,"2,57,514",19.24%,"7,73,551"
39,Nawada,Bihar,43.17%,Vivek Thakur,BJP,NDA,"4,10,608",47.20%,Shrawan Kumar,RJD,INDIA,"3,42,938",39.42%,"67,670"
22,Nellore,Andhra Pradesh,79.05%,Vemireddy Prabhakar Reddy,TDP,NDA,"7,66,202",55.70%,V. Vijaysai Reddy,YSRCP,No Alliance,"5,20,300",37.82%,"2,45,902"
4,New Delhi,NCT OF Delhi,55.43%,Bansuri Swaraj,BJP,NDA,"4,53,185",53.48%,Somnath Bharti,AAP,INDIA,"3,74,815",44.23%,"78,370"
19,Nilgiris,Tamil Nadu,70.95%,A. Raja,DMK,INDIA,"4,73,212",46.44%,L. Murugan,BJP,NDA,"2,32,627",22.83%,"2,40,585"
4,Nizamabad,Telangana,71.92%,Dharmapuri Arvind,BJP,NDA,"5,92,318",48.02%,T. Jeevan Reddy,INC,INDIA,"4,83,077",39.16%,"1,09,241"
2,North East Delhi,Goa,62.89%,Manoj Tiwari,BJP,NDA,"8,24,451",53.10%,Kanhaiya Kumar,INC,INDIA,"6,85,673",44.16%,"1,38,778"
1,North Goa,NCT OF Delhi,77.69%,Shripad Yesso Naik,BJP,NDA,"2,57,326",56.43,Ramakant Khalap,INC,INDIA,"1,41,311",30.99,"1,16,015"
5,North West Delhi,NCT OF Delhi,57.85%,Yogendra Chandolia,BJP,NDA,"8,66,483",58.26%,Udit Raj,INC,INDIA,"5,75,634",38.71%,"2,90,849"
16,Ongole,Andhra Pradesh,87.06%,Magunta Sreenivasulu Reddy,TDP,NDA,"7,01,894",49.35%,Chevireddy Bhaskar Reddy,YSRCP,No Alliance,"6,51,695",45.82%,"50,199"
40,Osmanabad,Maharashtra,63.88%,Omprakash Rajenimbalkar,SS(UBT),INDIA,"7,48,752",58.45%,Archana Ranajagjitsinha Patil,NCP,NDA,"4,18,906",32.70%,"3,29,846"
2,Outer Manipur,Manipur,76.84%,Alfred Kan-Ngam Arthur,INC,INDIA,"3,84,954",48.32,Kachui Timothy Zimik,NPF,NDA,"2,99,536",37.6,"85,418"
8,Palakkad,Kerala,73.57%,V. K. Sreekandan,INC,UDF,"4,21,169",40.66%,A. Vijayaraghavan,CPI(M),LDF,"3,45,886",33.39%,"75,283"
13,Palamau,Jharkhand,61.27% ,Vishnu Dayal Ram,BJP,NDA,"7,70,362",55.39%,Mamta Bhuiyan,RJD,INDIA,"4,81,555",34.63%,"2,88,807"
22,Palghar,Maharashtra,63.91%,Hemant Vishnu Savara,BJP,NDA,"6,01,244",43.69%,Bharti Kamdi,SS(UBT),INDIA,"4,17,938",30.37%,"1,83,306"
15,Pali,Rajasthan,57.19%,P. P. Chaudhary,BJP,NDA,"7,57,389",55.94%,Sangeeta Beniwal,INC,INDIA,"5,12,038",37.82%,"2,45,351"
18,Panchmahal,Gujarat,58.85%,Rajpalsinh Mahendrasinh Jadhav,BJP,NDA,"7,94,579",70.22%,Gulabsinh Chaudhan,INC,INDIA,"2,85,237",25.21%,"5,09,342"
17,Parbhani,Maharashtra,62.26%,Sanjay Haribhau Jadhav,SS(UBT),INDIA,"6,01,343",45.17%,Mahadev Jankar,RSPS,NDA,"4,67,282",35.10%,"1,34,061"
2,Paschim Champaran,Bihar,61.62%,Sanjay Jaiswal,BJP,NDA,"5,80,421",53.43%,Madan Mohan Tiwari,INC,INDIA,"4,43,853",40.86%,"1,36,568"
3,Patan,Gujarat,58.56%,Bharatsinhji Dabhi,BJP,NDA,"5,91,947",49.61%,Chandanji Thakor,INC,INDIA,"5,60,071",46.94%,"31,876"
17,Pathanamthitta,Kerala,63.37%,Anto Antony,INC,UDF,"3,67,623",39.98%,Thomas Isaac,CPI(M),LDF,"3,01,504",32.79%,"66,119"
13,Patiala,Punjab,63.63%,Dharamvir Gandhi,INC,INDIA,"3,05,616",26.54%,Balbir Singh,AAP,INDIA,"2,90,785",25.25%,"14,831"
31,Patliputra,Bihar,59.27%,Misha Bharti,RJD,INDIA,"6,13,283",49.86%,Ram Kripal Yadav,BJP,NDA,"5,28,109",42.93%,"85,174"
30,Patna Sahib,Bihar,46.85%,Ravi Shankar Prasad,BJP,NDA,"5,88,270",54.70%,Anshul Avijit,INC,INDIA,"4,34,424",40.39%,"1,53,846"
2,Peddapalle,Telangana,67.87%,Gaddam Vamsi Krishna,INC,INDIA,"4,75,587",43.42%,Gomasa Srinivas,BJP,NDA,"3,44,223",31.43%,"1,31,364"
25,Perambalur,Tamil Nadu,77.43%,Arun Nehru,DMK,INDIA,"6,03,209",53.42%,N. D. Chandramohan,AIADMK,AIADMK+,"2,14,102",18.96%,"3,89,107"
51,Phulpur,Uttar Pradesh,48.91%,Praveen Patel,BJP,NDA,"4,52,600",44.60%,Amarnath Maurya,SP,INDIA,"4,48,268",44.17%,"4,332"
26,Pilibhit,Uttar Pradesh,63.11%,Jitin Prasada,BJP,NDA,"6,07,158",52.30%,Bhagwat Sharan Gangwar,SP,INDIA,"4,42,223",38.09%,"1,64,935"
21,Pollachi,Tamil Nadu,70.41%,Eswarasamy,DMK,INDIA,"5,33,377",47.37%,A. Karthikeyan,AIADMK,AIADMK+,"2,81,335",24.98%,"2,52,042"
7,Ponnani,Kerala,69.34%,M. P. Abdussamad Samadani,IUML,UDF,"5,62,516",54.81%,K. S. Hamza,CPI(M),LDF,"3,26,756",31.84%,"2,35,760"
11,Porbandar,Gujarat,51.83%,Mansukh Mandaviya,BJP,NDA,"6,33,118",68.15%,Lalitbhai Vasoya,INC,INDIA,"2,49,758",26.89%,"3,83,360"
39,Pratapgarh,Uttar Pradesh,51.45%,S. P. Singh Patel,SP,INDIA,"4,41,932",46.65%,Sangam Lal Gupta,BJP,NDA,"3,75,726",39.66%,"66,206"
1,Puducherry,Puducherry,78.90%,V. Vaithilingam,INC,INDIA,"4,26,005",52.73%,A. Namassivayam,BJP,NDA,"2,89,489",35.83%,"1,36,516"
34,Pune,Maharashtra,53.54%,Murlidhar Mohol,BJP,NDA,"5,84,728",52.94%,Ravindra Hemraj Dhangekar,INC,INDIA,"4,61,690",41.80%,"1,23,038"
17,Puri,Odisha,75.43%,Sambit Patra,BJP,NDA,"6,29,330",52.58%,Arup Mohan Patnaik,BJD,No Alliance,"5,24,621",43.83%,"1,04,709"
12,Purnia,Bihar,63.08%,Pappu Yadav,Independent,Others,"5,67,556",47.46%,Santosh Kumar,JD(U),NDA,"5,43,709",45.47%,"23,847"
35,Purulia,West Bengal,78.39%,Jyotirmay Singh Mahato,BJP,NDA,"5,78,489",40.34%,Santiram Mahato,AITC,AITC,"5,61,410",39.15%,"17,079"
3,Purvi Champaran,Bihar,59.68%,Radha Mohan Singh,BJP,NDA,"5,80,421",50.50%,Rajesh Kumar,VIP,INDIA,"4,43,853",42.28%,"88,287"
36,Rae Bareli,Uttar Pradesh,58.12%,Rahul Gandhi,INC,INDIA,"6,87,649",66.17%,Dinesh Pratap Singh,BJP,NDA,"2,97,619",28.64%,"3,90,030"
6,Raichur,Karnataka,64.66%,G Kumar Naik,INC,INDIA,"6,70,966",51.63%,Raja Amareshwara Naik,BJP,NDA,"5,91,185",45.49%,"79,781"
32,Raigad,Maharashtra,60.51%,Sunil Tatkare,NCP,NDA,"5,08,352",50.17%,Anant Geete,SS(UBT),INDIA,"4,25,568",42.00%,"82,784"
5,Raiganj,West Bengal,76.18%,Kartick Chandra Paul,BJP,NDA,"5,60,897",40.99%,Krishna Kalyani,AITC,AITC,"4,92,700",36.00%,"68,197"
2,Raigarh,Chhattisgarh,78.85%,Radheshyam Rathiya,BJP,NDA,"8,08,275",55.63%,Menka Devi Singh,INC,INDIA,"5,67,884",39.08%,"2,40,391"
8,Raipur,Chhattisgarh,66.82%,Brijmohan Agrawal,BJP,NDA,"10,50,351",66.19%,Vikas Upadhyay,INC,INDIA,"4,75,066",29.94%,"5,75,285"
8,Rajahmundry,Andhra Pradesh,80.93%,Daggubati Purandeswari,BJP,NDA,"7,26,515",54.82%,Guduri Srinivas,YSRCP,No Alliance,"4,87,376",36.77%,"2,39,139"
24,Rajampet,Andhra Pradesh,79.09%,P. V. Midhun Reddy,YSRCP,No Alliance,"6,44,844",48.38%,Kiran Kumar Reddy,BJP,NDA,"5,68,773",42.67%,"76,071"
20,Rajgarh,Madhya Pradesh,76.04%,Rodmal Nagar,BJP,NDA,"7,58,743",53.10%,Digvijaya Singh,INC,INDIA,"6,12,654",42.87%,"1,46,089"
10,Rajkot,Gujarat,59.69%,Parshottam Rupala,BJP,NDA,"8,57,984",67.37%,Paresh Dhanani,INC,INDIA,"3,73,724",29.35%,"4,84,260"
1,Rajmahal,Jharkhand,70.78% ,Vijay Kumar Hansdak,JMM,INDIA,"6,13,371",50.35%,Tala Marandi,BJP,NDA,"4,35,107",35.72%,"1,78,264"
6,Rajnandgaon,Chhattisgarh,77.42%,Santosh Pandey,BJP,NDA,"7,12,057",49.25%,Bhupesh Baghel,INC,INDIA,"6,67,646",46.18%,"44,411"
22,Rajsamand,Rajasthan,58.39%,Mahima Mewar,BJP,NDA,"7,81,203",64.41%,Damodar Gurjar,INC,INDIA,"3,88,980",32.06%,"3,92,223"
35,Ramanathapuram,Tamil Nadu,68.19%,K. Navas Kani,IUML,INDIA,"5,09,664",45.92%,O. Panneerselvam,IND,NDA,"3,42,882",30.89%,"1,66,782"
7,Rampur,Uttar Pradesh,55.85%,Mohibbullah Nadvi,SP,INDIA,"4,81,503",49.74%,Ghanshyam Singh Lodhi,BJP,NDA,"3,94,069",40.71%,"87,434"
9,Ramtek,Maharashtra,61.01%,Shyamkumar Daulat Barve,INC,INDIA,"6,13,025",48.94%,Raju Devnath Parwe,SHS,NDA,"5,36,257",42.81%,"76,768"
13,Ranaghat,West Bengal,81.87%,Jagannath Sarkar,BJP,NDA,"7,82,396",50.78%,Mukut Mani Adhikari,AITC,AITC,"5,95,497",38.65%,"1,86,899"
8,Ranchi,Jharkhand,65.36% ,Sanjay Seth,BJP,NDA,"6,64,732",45.91%,Yashashwini Sahay,INC,INDIA,"5,44,220",37.59%,"1,20,512"
24,Ratlam,Madhya Pradesh,72.94%,Anita Nagarsingh Chouhan,BJP,NDA,"7,95,863",51.93%,Kantilal Bhuria,INC,INDIA,"5,88,631",38.41%,"2,07,232"
46,Ratnagiri,Maharashtra,62.52%,Narayan Rane,BJP,NDA,"4,48,514",49.07%,Vinayak Raut,SS(UBT),INDIA,"4,00,656",43.83%,"47,858"
4,Raver,Maharashtra,64.28%,Raksha Khadse,BJP,NDA,"6,30,879",53.84%,Shriram Patil,NCP(SP),INDIA,"3,58,696",30.61%,"2,72,183"
10,Rewa,Madhya Pradesh,49.43%,Janardan Mishra,BJP,NDA,"4,77,459",52%,Neelam Abhay Mishra,INC,INDIA,"2,84,085",30.94%,"1,93,374"
80,Robertsganj,Uttar Pradesh,56.78%,Chhotelal Kharwar,SP,INDIA,"4,65,848",46.14%,Rinki Kol,AD(S),NDA,"3,36,614",33.34%,"1,29,234"
7,Rohtak,Haryana,65.68% ,Deepender Singh Hooda,INC,INDIA,"7,83,578",62.76%,Arvind Kumar Sharma,BJP,NDA,"4,38,280",35.11%,"3,45,298"
5,Sabarkantha,Gujarat,63.56%,Shobhnaben Mahendrasinh Baraiya,BJP,NDA,"6,77,318",53.36%,Tushar Chaudhary,INC,INDIA,"5,21,636",41.09%,"1,55,682"
5,Sagar,Madhya Pradesh,65.75%,Lata Wankhede,BJP,NDA,"7,87,979",68.49%,Chandra Bhusan Singh Bundela,INC,INDIA,"3,16,757",27.53%,"4,71,222"
1,Saharanpur,Uttar Pradesh,66.14%,Imran Masood,INC,INDIA,"5,47,967",44.57%,Raghav Lakhanpal,BJP,NDA,"4,83,425",39.32%,"64,542"
15,Salem,Tamil Nadu,78.16%,T. M. Selvaganapathi,DMK,INDIA,"5,66,085",43.38%,P. Vignesh,AIADMK,AIADMK+,"4,95,728",37.99%,"70,357"
71,Salempur,Uttar Pradesh,51.38%,Ramashankar Rajbhar,SP,INDIA,"4,05,472",44.20%,Ravindra Kushawaha,BJP,NDA,"4,01,899",43.81%,"3,573"
23,Samastipur,Bihar,60.11%,Shambhavi Choudhary,LJP(RV),NDA,"5,79,786",52.97%,Sunny Hazari,INC,INDIA,"3,92,535",35.86%,"1,87,251"
3,Sambalpur,Odisha,79.50%,Dharmendra Pradhan,BJP,NDA,"5,92,162",49.48%,Pranab Prakash Das,BJD,No Alliance,"4,72,326",39.47%,"1,19,836"
8,Sambhal,Uttar Pradesh,62.91%,Zia ur Rahman Barq,SP,INDIA,"5,71,161",47.80%,Parmeshwar Lal Saini,BJP,NDA,"4,49,667",37.63%,"1,21,494"
44,Sangli,Maharashtra,62.27%,Vishal Prakashbapu Patil,Independent,Others,"5,71,666",48.91%,Sanjaykaka Patil,BJP,NDA,"4,71,613",40.35%,"1,00,053"
12,Sangrur,Punjab,64.63%,Gurmeet Singh Meet Hayer,AAP,INDIA,"3,64,085",36.06%,Sukhpal Singh Khaira,INC,INDIA,"1,91,525",18.97%,"1,72,560"
62,Sant Kabir Nagar,Uttar Pradesh,52.57%,Laxmikant alias Pappu Nishad,SP,INDIA,"4,98,695",45.70%,Praveen Kumar Nishad,BJP,NDA,"4,06,525",37.25%,"92,170"
20,Saran,Bihar,56.73%,Rajiv Pratap Rudy,BJP,NDA,"4,71,752",46.18%,Rohini Acharya,RJD,INDIA,"4,58,091",44.84%,"13,661"
34,Sasaram,Bihar,57.16%,Manoj Kumar,INC,INDIA,"5,13,004",46.76%,Shivesh Kumar,BJP,NDA,"4,93,847",45.01%,"19,157"
45,Satara,Maharashtra,63.16%,Udayanraje Bhosale,BJP,NDA,"5,71,134",47.67%,Shashikant Shinde,NCP(SP),INDIA,"5,38,363",44.94%,"32,771"
9,Satna,Madhya Pradesh,61.94%,Ganesh Singh,BJP,NDA,"4,59,728",43.41%,Siddharth Sukhlal Kushwaha,INC,INDIA,"3,74,779",35.39%,"84,949"
8,Secunderabad,Telangana,49.04%,G. Kishan Reddy,BJP,NDA,"4,73,012",45.15%,Danam Nagender,INC,INDIA,"4,23,068",40.38%,"49,944"
12,Shahdol,Madhya Pradesh,64.68%,Himadri Singh,BJP,NDA,"7,11,143",61.73%,Phundelal Singh Marko,INC,INDIA,"3,13,803",27.24%,"3,97,340"
27,Shahjahanpur,Uttar Pradesh,53.36%,Arun Kumar Sagar,BJP,NDA,"5,92,718",47.50%,Jyotsna Gond,SP,INDIA,"5,37,339",43.06%,"55,379"
4,Sheohar,Bihar,57.40%,Lovely Anand,JD(U),NDA,"5,23,422",45.15%,Ritu Jaiswal,RJD,INDIA,"4,24,747",42.39%,"29,143"
1,Shillong,Meghalaya,73.78%,Ricky AJ Syngkon,VPP,NDA,"5,71,078",55.02%,Vincent Pala,INC,INDIA,"1,99,168",19.19%,"3,71,910"
4,Shimla,Himachal Pradesh,71.26%,Suresh Kumar Kashyap,BJP,NDA,"5,19,748",53.58,Vinod Sultanpuri,INC,INDIA,"4,28,297",44.16,"91,451"
14,Shimoga,Karnataka,78.33%,B. Y. Raghavendra,BJP,NDA,"7,78,721",56.54%,Geeta Shivarajkumar,INC,INDIA,"5,35,006",38.85%,"2,43,715"
38,Shirdi,Maharashtra,63.03%,Bhausaheb Rajaram Wakchaure,SS(UBT),INDIA,"4,76,900",45.00%,Sadashiv Lokhande,SHS,NDA,"4,26,371",40.23%,"50,529"
36,Shirur,Maharashtra,54.16%,Amol Kolhe,NCP(SP),INDIA,"6,98,692",50.83%,Shivajirao Adhalarao Patil,NCP,NDA,"5,57,741",40.58%,"1,40,951"
58,Shrawasti,Uttar Pradesh,52.83%,Ram Shiromani Verma,SP,INDIA,"5,11,055",48.83%,Saket Mishra,BJP,NDA,"4,34,382",41.51%,"76,673"
11,Sidhi,Madhya Pradesh,56.50%,Rajesh Mishra,BJP,NDA,"5,83,559",50.87%,Kamleshwar Indrajit Kumar,INC,INDIA,"3,77,143",32.87%,"2,06,416"
5,Sikar,Rajasthan,57.53%,Amra Ram,CPI(M),INDIA,"6,59,300",50.68%,S. Saraswati,BJP,NDA,"5,86,404",45.08%,"72,896"
1,Sikkim,Sikkim,79.88%,Indra Hang Subba,SKM,NDA,"1,64,396",42.71%,Bharat Basnett,CAP-S,No Alliance,"83,566",21.71%,"80,830"
8,Silchar,Assam,79.05%,Parimal Suklabaidya,BJP,NDA,"6,52,405",59.89%,Surya Kanta Sarkar,INC,INDIA,"3,88,094",35.62%,"2,64,311"
10,Singhbhum,Jharkhand,69.32% ,Joba Majhi,JMM,INDIA,"5,20,164",51.62%,Geeta Koda,BJP,NDA,"3,51,762",34.91%,"1,68,402"
3,Sirsa,Haryana,69.77% ,Selja Kumari,INC,INDIA,"7,33,823",54.17%,Ashok Tanwar,BJP,NDA,"4,65,326",34.35%,"2,68,497"
5,Sitamarhi,Bihar,56.21%,Devesh Chandra Thakur,JD(U),NDA,"5,15,719",47.14%,Arjun Ray,RJD,INDIA,"4,64,363",42.45%,"51,356"
30,Sitapur,Uttar Pradesh,62.54%,Rakesh Rathore,INC,INDIA,"5,31,138",48.20%,Rajesh Verma,BJP,NDA,"4,41,497",40.06%,"89,641"
31,Sivaganga,Tamil Nadu,64.26%,Karti P Chidambaram,INC,INDIA,"4,27,677",40.60%,A. Xavierdas,AIADMK,AIADMK+,"2,22,013",21.08%,"2,05,664"
18,Siwan,Bihar,52.49%,Vijaylakshmi Devi,JD(U),NDA,"3,86,508",38.73%,Hena Shahab,Independent,Others,"2,93,651",29.42%,"92,857"
42,Solapur,Maharashtra,59.19%,Praniti Sushilkumar Shinde,INC,INDIA,"6,20,225",51.49%,Ram Satpute,BJP,NDA,"5,46,028",45.35%,"74,197"
6,Sonipat,Haryana,63.44% ,Satpal Brahmachari,INC,INDIA,"5,48,682",48.82%,Mohan Lal Badoli,BJP,NDA,"5,26,866",46.88%,"21,816"
11,Sonitpur,Assam,78.46%,Ranjit Dutta,BJP,NDA,"7,75,788",60.21%,Premlal Ganju,INC,INDIA,"4,14,380",32.16%,"3,61,408"
7,South Delhi,NCT OF Delhi,56.45%,Ramvir Singh Bidhuri,BJP,NDA,"6,92,832",53.46%,Sahiram Pehalwan,AAP,INDIA,"5,68,499",43.87%,"1,24,333"
2,South Goa,Goa,74.47%,Capt. Viriato Fernandes,INC,INDIA,"2,17,836",48.35,Pallavi Shrinivas Dempo,BJP,NDA,"2,04,301",45.35,"13,535"
27,Srerampur,West Bengal,76.44%,Kalyan Banerjee,AITC,AITC,"6,73,970",45.65%,Kabir Shankar Bose,BJP,NDA,"4,99,140",33.80%,"1,74,830"
2,Srikakulam,Andhra Pradesh,74.43%,Kinjarapu Ram Mohan Naidu,TDP,NDA,"7,54,328",61.05%,Perada Tilak,YSRCP,No Alliance,"4,26,427",34.51%,"3,27,901"
2,Srinagar,Jammu and Kashmir,38.49%,Aga Syed Ruhullah Mehdi,JKNC,INDIA,"3,56,866",52.85%,Waheed Para,JKPDP,INDIA,"1,68,450",24.95%,"1,88,416"
5,Sriperumbudur,Tamil Nadu,60.25%,T. R. Baalu,DMK,INDIA,"7,58,611",52.65%,G. Premkumar,AIADMK,AIADMK+,"2,71,582",18.85%,"4,87,029"
38,Sultanpur,Uttar Pradesh,55.63%,Rambhual Nishad,SP,INDIA,"4,44,330",43%,Menaka Gandhi,BJP,NDA,"4,01,156",38.82%,"43,174"
2,Sundargarh,Odisha,73.02%,Jual Oram,BJP,NDA,"4,94,282",42.77%,Dilip Kumar Tirkey,BJD,No Alliance,"3,55,474",30.76%,"1,38,808"
8,Supaul,Bihar,63.55%,Dileshwar Kamait,JD(U),NDA,"5,95,038",48.33%,Chandrahas Chaupal,RJD,INDIA,"4,25,235",34.54%,"1,69,803"
24,Surat,Gujarat,0%,Mukesh Dalal,BJP,NDA,0,0,NULL,NULL,NULL,0,0%,0
9,Surendranagar,Gujarat,55.09%,Chandubhai Chhaganbhai Shihora,BJP,NDA,"6,69,749",59.20%,Rutvik Makwana,INC,INDIA,"4,08,132",36.07%,"2,61,617"
1,Surguja,Chhattisgarh,79.89%,Chintamani Maharaj,BJP,NDA,"7,13,200",49.01%,Shashi Singh,INC,INDIA,"6,48,328",44.55%,"64,822"
30,Tamluk,West Bengal,84.79%,Abhijit Gangopadhyay,BJP,NDA,"7,65,584",48.54%,Debangshu Bhattacharya,AITC,AITC,"6,87,851",43.61%,"77,733"
1,Tehri Garhwal,Uttarakhand,53.76%,Mala Rajya Laxmi Shah,BJP,NDA,"4,62,603",53.66,Jot Singh Gunsola,INC,INDIA,"1,90,110",22.05,"2,72,493"
37,Tenkasi,Tamil Nadu,67.65%,Rani Srikumar,DMK,INDIA,"4,25,679",40.97%,K. Krishnasamy[N 4],AIADMK,AIADMK+,"2,29,480",22.08%,"1,96,199"
25,Thane,Maharashtra,52.09%,Naresh Mhaske,SHS,NDA,"7,34,231",56.09%,Rajan Vichare,SS(UBT),INDIA,"5,17,220",39.51%,"2,17,011"
30,Thanjavur,Tamil Nadu,68.27%,Murasoli,DMK,INDIA,"5,02,245",48.82%,P. Sivanesan,DMDK,AIADMK+,"1,82,662",17.76%,"3,19,583"
33,Theni,Tamil Nadu,69.84%,Thanga Tamil Selvan,DMK,INDIA,"5,71,493",50.08%,T. T. V. Dhinakaran,AMMK,NDA,"2,92,668",25.65%,"2,78,825"
20,Thiruvananthapuram,Andhra Pradesh,66.47%,Shashi Tharoor,INC,UDF,"3,53,679",37.19%,Rajeev Chandrasekhar,BJP,NDA,"3,42,078",35.52%,"16,077"
36,Thoothukkudi,Kerala,66.88%,Kanimozhi Karunanidhi,DMK,INDIA,"5,40,729",55.26%,R. Sivasamy Velumani,AIADMK,AIADMK+,"1,47,991",15.12%,"3,92,738"
10,Thrissur,Tamil Nadu,72.90%,Suresh Gopi,BJP,NDA,"4,12,338",37.80%,V. S. Sunil Kumar,CPI,LDF,"3,37,652",30.95%,"74,686"
6,Tikamgarh,Kerala,60.00%,Virendra Kumar Khatik,BJP,NDA,"7,15,050",65.10%,Khuman Urf Pankaj Ahirwar,INC,INDIA,"3,11,738",28.38%,"4,03,312"
24,Tiruchirappalli,Madhya Pradesh,67.51%,Durai Vaiko,MDMK,INDIA,"5,42,213",51.35%,P. Karuppaiah,AIADMK,AIADMK+,"2,29,119",21.70%,"3,13,094"
38,Tirunelveli,Tamil Nadu,64.10%,C. Robert Bruce,INC,INDIA,"5,02,296",47.06%,Nainar Nagendran,BJP,NDA,"3,36,676",31.54%,"1,65,620"
23,Tirupati,Tamil Nadu,79.10%,Maddila Gurumoorthy,YSRCP,No Alliance,"6,32,228",45.73%,Velagapalli Varaprasad Rao,BJP,NDA,"6,17,659",44.67%,"14,569"
18,Tiruppur,Tamil Nadu,70.62%,K. Subbarayan,CPI,INDIA,"4,72,739",41.38%,P. Arunachalam,AIADMK,AIADMK+,"3,46,811",30.35%,"1,25,928"
1,Tiruvallur,Tamil Nadu,68.59%,Sasikanth Senthil,INC,INDIA,"7,96,956",56.21%,Pon. V. Balaganapathy,BJP,NDA,"2,24,801",15.86%,"5,72,155"
11,Tiruvannamalai,Tamil Nadu,74.24%,C. N. Annadurai,DMK,INDIA,"5,47,379",47.75%,M. Kaliyaperumal,AIADMK,AIADMK+,"3,13,448",27.34%,"2,33,931"
12,TonkSawai Madhopur,Rajasthan,56.58%,Harish Meena,INC,INDIA,"6,23,763",50.85%,Sukhbir Jaunapuria,BJP,NDA,"5,58,814",45.56%,"64,949"
2,Tripura East,Tripura,80.36%,Kriti Devi Debbarman,BJP,NDA,"7,77,447",68.54,Rajendra Reang,CPI(M),INDIA,"2,90,628",25.62,"4,86,819"
1,Tripura West,Tripura,81.48%,Biplab Kumar Deb,BJP,NDA,"8,81,341",72.85,Ashish Kumar Saha,INC,INDIA,"2,69,763",22.3,"6,11,578"
19,Tumkur,Karnataka,78.05%,V. Somanna,BJP,NDA,"7,20,946",55.31%,S. P. Muddahanumegowda,INC,INDIA,"5,45,352",41.84%,"1,75,594"
2,Tura,Meghalaya,81.37%,Saleng A. Sangma,INC,INDIA,"3,83,919",56.96%,Agatha Sangma,NPP,NDA,"2,28,678",33.93%,"1,55,241"
19,Udaipur,Rajasthan,66.66%,Manna Rawat,BJP,NDA,"7,38,286",49.27%,Tarachand Meena,INC,INDIA,"4,76,678",31.81%,"2,61,608"
4,Udhampur,Jammu and Kashmir,68.27%,Jitendra Singh,BJP,NDA,"5,71,076",51.28%,Chaudhary Lal Singh,INC,INDIA,"4,46,703",40.11%,"1,24,373"
15,Udupi Chikmagalur,Karnataka,77.15%,Kota Srinivas Poojary,BJP,NDA,"7,32,234",59.56%,K. Jayaprakash Hegde,INC,INDIA,"4,73,059",38.48%,"2,59,175"
22,Ujiarpur,Bihar,59.59%,Nityanand Rai,BJP,NDA,"5,15,965",49.51%,Alok Kumar Mehta,RJD,INDIA,"4,55,863",43.75%,"60,102"
22,Ujjain,Madhya Pradesh,73.82%,Anil Firojiya,BJP,NDA,"8,36,104",62.93%,Mahesh Parmar,INC,INDIA,"4,60,244",34.64%,"3,75,860"
26,Uluberia,West Bengal,79.78%,Sajda Ahmed,AITC,AITC,"7,24,622",52.10%,Arun Uday Pal Chaudhary,BJP,NDA,"5,05,949",36.38%,"2,18,673"
33,Unnao,Uttar Pradesh,55.46%,Sakshi Maharaj,BJP,NDA,"6,16,133",47.31%,Annu Tandon,SP,INDIA,"5,80,315",44.56%,"35,818"
12,Uttara Kannada,Karnataka,76.53%,Vishweshwar Hegde Kageri,BJP,NDA,"7,82,495",61.97%,Anjali Nimbalkar,INC,INDIA,"4,45,067",35.25%,"3,37,428"
3,Vadakara,Kerala,78.41%,Shafi Parambil,INC,UDF,"5,57,528",49.65%,K. K. Shailaja,CPI(M),LDF,"4,43,022",39.45%,"1,14,506"
20,Vadodara,Gujarat,61.59%,Hemang Yogeshchandra Joshi,BJP,NDA,"8,73,189",72.04%,Jashpalsinh Padhiyar,INC,INDIA,"2,91,063",24.01%,"5,82,126"
16,Vaishali,Bihar,62.59%,Veena Devi,LJP(RV),NDA,"5,67,043",48.38%,Vijay Kumar Shukla,RJD,INDIA,"4,77,409",40.73%,"89,634"
1,Valmiki Nagar,Bihar,60.19%,Sunil Kumar,JD(U),NDA,"5,23,422",47.50%,Deepak Vadav,RJD,INDIA,"4,24,747",38.55%,"98,675"
26,Valsad,Gujarat,72.71%,Dhaval Patel,BJP,NDA,"7,64,226",56.13%,Anantbhai Patel,INC,INDIA,"5,53,522",40.66%,"2,10,704"
77,Varanasi,Uttar Pradesh,56.49%,Narendra Modi,BJP,NDA,"6,12,970",54.24%,Ajay Rai,INC,INDIA,"4,60,457",40.74%,"1,52,513"
8,Vellore,Tamil Nadu,73.53%,D. M. Kathir Anand,DMK,INDIA,"5,68,692",50.35%,A. C. Shanmugam[N 1],BJP,NDA,"3,52,990",31.25%,"2,15,702"
18,Vidisha,Madhya Pradesh,74.48%,Shivraj Singh Chouhan,BJP,NDA,"11,16,460",76.70%,Pratap Bhanu Sharma,INC,INDIA,"2,95,052",27.24%,"8,21,408"
12,Vijayawada,Andhra Pradesh,79.37%,Kesineni Sivanath,TDP,NDA,"7,94,154",58.21%,Kesineni Srinivas,YSRCP,No Alliance,"5,12,069",37.53%,"2,82,085"
13,Viluppuram,Tamil Nadu,76.52%,D. Ravikumar,VCK,INDIA,"4,77,033",41.39%,J. Bakkiyaraj,AIADMK,AIADMK+,"4,06,330",35.25%,"70,703"
34,Virudhunagar,Tamil Nadu,70.22%,B. Manickam Tagore,INC,INDIA,"3,85,256",36.28%,V. Vijaya Prabakaran,DMDK,AIADMK+,"3,80,877",35.87%,"4,379"
4,Visakhapatnam,Andhra Pradesh,71.11%,Mathukumilli Bharat,TDP,NDA,"9,07,467",65.42%,Botcha Jhansi Lakshmi,YSRCP,No Alliance,"4,03,220",29.07%,"5,04,247"
3,Vizianagaram,Andhra Pradesh,81.05%,Appala Naidu Kalisetti,TDP,NDA,"7,43,113",57.20%,Bellana Chandra Sekhar,YSRCP,No Alliance,"4,93,762",38.00%,"2,49,351"
15,Warangal,Telangana,68.86%,Kadiyam Kavya,INC,INDIA,"5,81,294",45.85%,Aroori Ramesh,BJP,NDA,"3,60,955",28.47%,"2,20,339"
8,Wardha,Maharashtra,64.85%,Amar Sharadrao Kale,NCP(SP),INDIA,"5,33,106",48.68%,Ramdas Tadas,BJP,NDA,"4,51,458",41.23%,"81,648"
4,Wayanad,Kerala,73.57%,Rahul Gandhi,INC,UDF,"6,47,445",59.69%,Annie Raja,CPI,LDF,"2,83,023",26.09%,"3,64,422"
6,West Delhi,NCT OF Delhi,58.79%,Kamaljeet Sehrawat,BJP,NDA,"8,42,658",55.27%,Mahabal Mishra,AAP,INDIA,"6,43,645",42.22%,"1,99,013"
14,Yavatmal - Washim,Maharashtra,62.87%,Sanjay Deshmukh,SS(UBT),INDIA,"5,94,807",48.53%,Rajashri Hemant Patil,SHS,NDA,"5,00,334",40.83%,"94,473"
5,Zahirabad,Telangana,74.63%,Suresh Kumar Shetkar,INC,INDIA,"5,28,418",42.73%,B. B. Patil,BJP,NDA,"4,82,230",39.00%,"46,188"
